

DROP TABLE IF EXISTS `communities`;
CREATE TABLE `communities` (
  `id` bigint(20) unsigned NOT NULL AUTO_INCREMENT,
  `name` varchar(150) COLLATE utf8_unicode_ci DEFAULT NULL,
  `admin_user_id` bigint(20) unsigned NOT NULL,
  UNIQUE KEY `id` (`id`),
  KEY `communities_name_idx` (`name`),
  KEY `admin_user_id` (`admin_user_id`),
  CONSTRAINT `communities_ibfk_1` FOREIGN KEY (`admin_user_id`) REFERENCES `users` (`id`)
) ENGINE=InnoDB AUTO_INCREMENT=101 DEFAULT CHARSET=utf8 COLLATE=utf8_unicode_ci;

INSERT INTO `communities` VALUES ('1','aut','1'),
('2','minima','2'),
('3','perspiciatis','3'),
('4','quo','4'),
('5','sapiente','5'),
('6','magni','6'),
('7','odio','7'),
('8','eaque','8'),
('9','tempore','9'),
('10','repellendus','10'),
('11','rerum','11'),
('12','maiores','12'),
('13','deserunt','13'),
('14','quidem','14'),
('15','magnam','15'),
('16','aperiam','16'),
('17','sapiente','17'),
('18','non','18'),
('19','sed','19'),
('20','itaque','20'),
('21','mollitia','21'),
('22','sed','22'),
('23','similique','23'),
('24','voluptatibus','24'),
('25','possimus','25'),
('26','voluptatem','26'),
('27','veniam','27'),
('28','consequatur','28'),
('29','qui','29'),
('30','velit','30'),
('31','suscipit','31'),
('32','perferendis','32'),
('33','repellat','33'),
('34','corrupti','34'),
('35','dolorem','35'),
('36','eos','36'),
('37','vel','37'),
('38','facere','38'),
('39','sint','39'),
('40','nesciunt','40'),
('41','qui','41'),
('42','quibusdam','42'),
('43','qui','43'),
('44','maxime','44'),
('45','aliquam','45'),
('46','illo','46'),
('47','repellat','47'),
('48','vitae','48'),
('49','sed','49'),
('50','omnis','50'),
('51','et','51'),
('52','ea','52'),
('53','facere','53'),
('54','architecto','54'),
('55','sint','55'),
('56','atque','56'),
('57','qui','57'),
('58','nihil','58'),
('59','corporis','59'),
('60','consequatur','60'),
('61','molestias','61'),
('62','in','62'),
('63','nihil','63'),
('64','expedita','64'),
('65','qui','65'),
('66','necessitatibus','66'),
('67','iste','67'),
('68','veritatis','68'),
('69','in','69'),
('70','totam','70'),
('71','aspernatur','71'),
('72','ut','72'),
('73','culpa','73'),
('74','iste','74'),
('75','vel','75'),
('76','molestiae','76'),
('77','enim','77'),
('78','fugiat','78'),
('79','aliquid','79'),
('80','hic','80'),
('81','voluptas','81'),
('82','at','82'),
('83','quia','83'),
('84','quidem','84'),
('85','suscipit','85'),
('86','ex','86'),
('87','qui','87'),
('88','dicta','88'),
('89','incidunt','89'),
('90','sit','90'),
('91','laboriosam','91'),
('92','laboriosam','92'),
('93','culpa','93'),
('94','et','94'),
('95','sed','95'),
('96','consequuntur','96'),
('97','odio','97'),
('98','ut','98'),
('99','fugiat','99'),
('100','totam','100'); 


DROP TABLE IF EXISTS `friend_requests`;
CREATE TABLE `friend_requests` (
  `initiator_user_id` bigint(20) unsigned NOT NULL,
  `target_user_id` bigint(20) unsigned NOT NULL,
  `status` enum('requested','approved','unfriended','declined') COLLATE utf8_unicode_ci DEFAULT NULL,
  `requested_at` datetime DEFAULT current_timestamp(),
  `updated_at` datetime DEFAULT NULL ON UPDATE current_timestamp(),
  PRIMARY KEY (`initiator_user_id`,`target_user_id`),
  KEY `target_user_id` (`target_user_id`),
  CONSTRAINT `friend_requests_ibfk_1` FOREIGN KEY (`initiator_user_id`) REFERENCES `users` (`id`),
  CONSTRAINT `friend_requests_ibfk_2` FOREIGN KEY (`target_user_id`) REFERENCES `users` (`id`)
) ENGINE=InnoDB DEFAULT CHARSET=utf8 COLLATE=utf8_unicode_ci;

INSERT INTO `friend_requests` VALUES ('1','1','unfriended','2019-11-25 12:17:40','2014-02-27 12:25:06'),
('2','2','declined','1987-10-22 08:28:13','1995-11-19 19:30:52'),
('3','3','declined','2009-04-16 22:06:59','1988-07-18 06:52:04'),
('4','4','requested','1978-10-05 04:47:43','1970-05-27 10:50:56'),
('5','5','approved','2008-10-15 03:03:48','2012-10-17 09:04:25'),
('6','6','declined','2017-12-23 23:40:22','1987-12-15 16:32:30'),
('7','7','requested','2009-03-25 06:53:23','2000-10-04 10:04:56'),
('8','8','requested','2007-06-18 04:46:26','2001-01-20 14:45:00'),
('9','9','approved','1977-04-26 12:07:09','1972-11-01 16:34:57'),
('10','10','unfriended','2005-12-28 02:26:22','2016-03-14 07:39:26'),
('11','11','requested','1971-01-16 14:31:49','2001-06-02 11:00:37'),
('12','12','approved','1972-11-10 23:11:49','1978-05-30 23:23:32'),
('13','13','approved','2004-03-14 18:21:00','2008-05-10 01:39:53'),
('14','14','requested','1992-11-16 16:27:34','1997-11-06 17:25:14'),
('15','15','unfriended','2001-02-13 14:14:35','2002-02-04 01:20:42'),
('16','16','approved','1995-02-26 21:20:21','1979-11-15 19:40:57'),
('17','17','approved','1996-05-12 22:58:36','1991-05-07 18:25:49'),
('18','18','requested','1984-09-09 12:54:03','1996-11-30 14:13:36'),
('19','19','requested','1983-10-18 04:39:50','1983-12-30 21:01:32'),
('20','20','declined','1986-07-18 08:33:05','1992-08-03 12:19:17'),
('21','21','approved','1974-10-27 16:31:46','1971-07-18 00:14:26'),
('22','22','unfriended','2000-07-05 05:19:03','1992-10-15 08:07:31'),
('23','23','approved','2017-01-02 23:46:10','2020-05-19 19:15:43'),
('24','24','requested','2018-09-28 16:57:39','1998-01-03 09:56:40'),
('25','25','approved','2008-07-24 14:33:42','1970-04-15 21:08:27'),
('26','26','declined','1974-04-07 18:47:18','1993-11-18 17:26:41'),
('27','27','declined','2007-05-17 19:13:51','1975-04-27 17:18:14'),
('28','28','unfriended','1988-05-31 09:01:20','1993-01-22 04:41:23'),
('29','29','approved','1989-11-04 03:38:27','1992-11-28 02:38:51'),
('30','30','unfriended','1979-03-17 08:59:31','1991-01-30 16:54:44'),
('31','31','unfriended','1975-11-21 13:52:36','2011-09-13 04:49:36'),
('32','32','requested','2015-12-31 05:08:31','1999-05-25 01:36:56'),
('33','33','approved','2011-07-09 10:05:15','1988-10-07 02:58:52'),
('34','34','approved','2008-02-15 22:00:46','1977-10-10 06:04:54'),
('35','35','requested','1973-12-09 00:55:39','1973-03-29 19:26:16'),
('36','36','declined','1977-10-04 10:49:49','1980-03-22 20:33:06'),
('37','37','approved','1997-11-22 22:55:37','2005-04-20 21:12:42'),
('38','38','requested','1986-07-08 17:45:11','2019-05-21 13:29:12'),
('39','39','declined','1995-12-08 18:54:14','1985-05-15 06:33:43'),
('40','40','declined','1977-02-18 18:45:15','1995-05-15 18:54:23'),
('41','41','unfriended','1999-11-17 10:11:43','2020-05-04 12:31:05'),
('42','42','unfriended','1976-01-03 08:54:06','2010-09-30 05:11:01'),
('43','43','unfriended','2019-11-03 00:53:43','1983-10-26 08:16:43'),
('44','44','approved','1992-10-06 07:57:06','1995-05-15 22:56:12'),
('45','45','unfriended','2004-04-21 09:29:43','1998-01-07 03:35:38'),
('46','46','approved','1982-11-23 02:55:49','1986-07-16 17:01:01'),
('47','47','approved','1979-03-20 21:20:27','1973-04-16 23:05:21'),
('48','48','declined','2016-10-01 12:59:56','1991-10-13 14:53:53'),
('49','49','declined','1971-06-24 13:24:50','1997-12-29 06:18:15'),
('50','50','declined','1998-06-02 13:00:00','2008-11-03 15:03:28'),
('51','51','approved','1977-06-10 08:53:49','1978-09-28 04:17:42'),
('52','52','declined','2020-11-23 01:18:12','2000-06-22 14:09:50'),
('53','53','approved','1983-06-22 07:07:31','2001-07-04 15:46:34'),
('54','54','unfriended','2018-03-16 18:16:45','1979-01-04 07:24:43'),
('55','55','requested','1997-07-05 20:29:05','1986-03-27 09:11:05'),
('56','56','requested','1984-05-27 19:48:31','1978-09-18 14:57:15'),
('57','57','declined','1999-04-16 06:39:27','2013-10-03 20:54:13'),
('58','58','declined','1974-03-02 23:39:39','1983-05-01 10:44:02'),
('59','59','unfriended','1991-11-24 14:14:38','1987-06-21 05:14:16'),
('60','60','unfriended','1992-05-14 01:09:38','1983-09-19 06:21:43'),
('61','61','unfriended','2020-06-17 03:50:03','1989-12-21 13:10:59'),
('62','62','unfriended','1976-08-10 10:32:55','1997-05-22 21:17:43'),
('63','63','requested','1977-06-28 12:58:03','2015-03-20 23:34:00'),
('64','64','requested','2016-01-21 17:48:02','2009-02-10 21:20:33'),
('65','65','declined','2014-08-12 13:33:06','2015-07-03 09:36:41'),
('66','66','declined','1997-09-19 17:01:18','1997-05-05 06:52:33'),
('67','67','approved','1997-08-25 12:14:14','1983-01-18 09:20:12'),
('68','68','unfriended','1972-11-11 07:33:41','2010-07-08 07:17:52'),
('69','69','approved','2007-11-17 12:58:28','1999-11-28 15:01:43'),
('70','70','unfriended','1978-08-27 11:19:06','2017-02-23 17:05:14'),
('71','71','declined','1996-05-26 22:14:23','1987-04-22 08:05:37'),
('72','72','declined','1992-02-16 13:00:15','1976-06-21 23:41:53'),
('73','73','declined','1976-06-27 21:09:53','2016-05-09 14:51:44'),
('74','74','requested','1978-10-07 22:43:49','1975-05-15 22:14:11'),
('75','75','approved','1991-02-28 21:55:39','2018-09-14 13:31:31'),
('76','76','declined','2013-02-16 05:00:05','1984-11-09 11:17:09'),
('77','77','declined','1984-01-04 16:23:45','2017-01-07 06:58:08'),
('78','78','requested','1991-11-06 20:33:34','2005-08-26 22:04:21'),
('79','79','declined','1976-07-19 11:49:12','2001-11-29 08:11:00'),
('80','80','declined','1979-09-18 23:52:33','1980-08-13 17:55:47'),
('81','81','requested','2013-06-03 21:26:29','1988-02-26 06:03:43'),
('82','82','requested','1986-06-25 23:57:53','1972-06-05 07:17:32'),
('83','83','declined','2001-10-01 13:17:08','2012-06-16 09:04:26'),
('84','84','declined','2011-04-08 03:38:35','1971-05-31 11:17:22'),
('85','85','requested','1978-06-24 02:48:55','2016-12-01 20:48:54'),
('86','86','approved','2011-09-07 12:46:33','1984-05-16 02:43:48'),
('87','87','unfriended','2007-06-30 22:33:49','1992-08-24 12:49:56'),
('88','88','declined','1988-05-10 12:14:23','1975-06-05 13:30:08'),
('89','89','requested','1985-08-03 13:17:32','1992-02-11 02:27:15'),
('90','90','requested','2000-03-11 23:49:42','2013-09-07 15:12:52'),
('91','91','unfriended','1980-07-11 07:35:22','1995-03-16 20:12:57'),
('92','92','requested','1985-02-16 12:02:15','2014-12-03 12:28:29'),
('93','93','approved','1995-06-28 22:00:32','2000-05-14 14:23:46'),
('94','94','requested','1974-01-30 18:24:11','2004-09-11 16:40:29'),
('95','95','approved','2006-11-16 16:15:10','2019-01-14 17:48:54'),
('96','96','approved','2002-04-14 15:17:23','2002-10-26 20:48:01'),
('97','97','approved','1988-02-01 05:35:20','1971-10-03 11:18:02'),
('98','98','unfriended','1986-04-16 13:11:52','1990-12-07 15:27:20'),
('99','99','approved','2007-05-19 06:24:16','1993-02-15 16:02:35'),
('100','100','declined','2009-05-15 01:48:31','2009-11-07 07:24:54'); 


DROP TABLE IF EXISTS `likes`;
CREATE TABLE `likes` (
  `id` bigint(20) unsigned NOT NULL AUTO_INCREMENT,
  `user_id` bigint(20) unsigned NOT NULL,
  `media_id` bigint(20) unsigned NOT NULL,
  `created_at` datetime DEFAULT current_timestamp(),
  UNIQUE KEY `id` (`id`)
) ENGINE=InnoDB AUTO_INCREMENT=101 DEFAULT CHARSET=utf8 COLLATE=utf8_unicode_ci;

INSERT INTO `likes` VALUES ('1','1','1','1983-11-28 22:57:34'),
('2','2','2','1978-08-31 18:09:48'),
('3','3','3','1989-05-30 19:08:24'),
('4','4','4','1990-09-20 06:06:34'),
('5','5','5','1996-06-16 13:30:19'),
('6','6','6','1973-10-31 07:49:54'),
('7','7','7','2003-04-01 23:37:28'),
('8','8','8','1972-03-10 10:17:00'),
('9','9','9','1977-10-07 11:31:07'),
('10','10','10','1975-08-17 08:34:20'),
('11','11','11','2008-02-07 14:22:31'),
('12','12','12','1999-08-25 13:21:05'),
('13','13','13','2000-11-12 03:11:49'),
('14','14','14','1981-04-22 20:47:45'),
('15','15','15','1995-01-04 20:53:11'),
('16','16','16','1977-09-13 00:17:18'),
('17','17','17','2001-02-04 13:39:06'),
('18','18','18','1990-04-07 16:27:19'),
('19','19','19','2013-10-11 15:52:22'),
('20','20','20','2009-09-26 19:42:25'),
('21','21','21','2013-09-13 03:40:55'),
('22','22','22','1970-06-14 20:02:10'),
('23','23','23','1992-12-04 22:50:54'),
('24','24','24','2006-05-28 03:47:13'),
('25','25','25','2018-08-05 21:42:29'),
('26','26','26','1984-11-25 01:55:15'),
('27','27','27','1994-05-07 03:12:41'),
('28','28','28','2003-05-18 13:27:50'),
('29','29','29','2004-07-13 20:54:01'),
('30','30','30','1993-02-07 20:15:15'),
('31','31','31','2004-03-09 07:15:31'),
('32','32','32','1994-10-10 22:59:06'),
('33','33','33','2020-05-27 23:49:33'),
('34','34','34','2003-05-23 13:19:56'),
('35','35','35','1976-05-24 13:04:38'),
('36','36','36','1980-12-11 02:07:30'),
('37','37','37','1991-03-03 10:35:17'),
('38','38','38','2016-10-13 00:51:34'),
('39','39','39','1977-11-11 22:54:10'),
('40','40','40','1973-03-20 12:56:04'),
('41','41','41','1993-12-06 11:01:50'),
('42','42','42','2011-06-25 08:28:45'),
('43','43','43','2008-03-18 13:02:54'),
('44','44','44','1999-04-08 23:02:53'),
('45','45','45','2001-01-22 16:30:57'),
('46','46','46','1981-08-25 05:52:31'),
('47','47','47','1980-08-03 13:38:36'),
('48','48','48','2020-11-08 10:35:14'),
('49','49','49','1995-08-04 22:09:29'),
('50','50','50','1971-11-08 22:42:42'),
('51','51','51','1972-07-09 08:36:53'),
('52','52','52','1982-03-03 15:43:59'),
('53','53','53','1990-04-16 21:37:37'),
('54','54','54','2017-05-07 02:34:55'),
('55','55','55','1973-03-21 08:26:57'),
('56','56','56','1982-07-23 10:21:00'),
('57','57','57','2003-01-08 06:10:21'),
('58','58','58','1982-07-25 17:14:43'),
('59','59','59','1997-07-16 03:50:29'),
('60','60','60','1979-12-23 12:52:58'),
('61','61','61','2014-03-27 02:11:48'),
('62','62','62','2019-10-25 20:19:41'),
('63','63','63','1972-05-04 16:23:42'),
('64','64','64','2007-08-05 04:51:53'),
('65','65','65','1970-12-30 18:33:36'),
('66','66','66','1972-12-15 08:59:26'),
('67','67','67','1981-04-19 17:20:59'),
('68','68','68','1995-10-25 02:04:16'),
('69','69','69','1984-10-21 01:34:28'),
('70','70','70','1996-06-04 00:01:23'),
('71','71','71','1972-06-16 05:11:45'),
('72','72','72','2015-05-04 18:42:12'),
('73','73','73','1998-04-08 12:30:11'),
('74','74','74','2002-11-23 04:46:52'),
('75','75','75','1997-07-31 04:49:54'),
('76','76','76','1994-08-06 04:11:00'),
('77','77','77','2019-02-02 14:35:40'),
('78','78','78','1972-04-09 09:50:17'),
('79','79','79','1989-08-14 22:14:51'),
('80','80','80','2008-10-23 00:20:29'),
('81','81','81','2004-12-25 10:13:05'),
('82','82','82','2016-09-03 19:20:03'),
('83','83','83','1990-04-05 01:47:05'),
('84','84','84','2014-11-26 18:59:30'),
('85','85','85','1991-12-23 04:34:16'),
('86','86','86','2013-05-12 17:11:17'),
('87','87','87','2020-10-09 13:07:40'),
('88','88','88','1982-01-13 05:10:52'),
('89','89','89','1979-02-13 05:42:45'),
('90','90','90','2000-02-19 00:46:01'),
('91','91','91','1970-05-29 19:45:19'),
('92','92','92','2014-12-20 07:26:59'),
('93','93','93','2018-03-28 04:43:31'),
('94','94','94','1997-10-31 06:32:39'),
('95','95','95','1975-05-13 03:49:18'),
('96','96','96','2008-05-14 00:37:53'),
('97','97','97','1977-02-23 14:32:42'),
('98','98','98','2016-03-09 06:48:10'),
('99','99','99','1977-11-06 23:29:33'),
('100','100','100','2011-01-31 10:48:20'); 


DROP TABLE IF EXISTS `media`;
CREATE TABLE `media` (
  `id` bigint(20) unsigned NOT NULL AUTO_INCREMENT,
  `media_type_id` bigint(20) unsigned NOT NULL,
  `user_id` bigint(20) unsigned NOT NULL,
  `body` text COLLATE utf8_unicode_ci DEFAULT NULL,
  `filename` varchar(255) COLLATE utf8_unicode_ci DEFAULT NULL,
  `size` int(11) DEFAULT NULL,
  `metadata` longtext CHARACTER SET utf8mb4 COLLATE utf8mb4_bin DEFAULT NULL CHECK (json_valid(`metadata`)),
  `created_at` datetime DEFAULT current_timestamp(),
  `updated_at` datetime DEFAULT NULL ON UPDATE current_timestamp(),
  UNIQUE KEY `id` (`id`),
  KEY `user_id` (`user_id`),
  KEY `media_type_id` (`media_type_id`),
  CONSTRAINT `media_ibfk_1` FOREIGN KEY (`user_id`) REFERENCES `users` (`id`),
  CONSTRAINT `media_ibfk_2` FOREIGN KEY (`media_type_id`) REFERENCES `media_types` (`id`)
) ENGINE=InnoDB AUTO_INCREMENT=101 DEFAULT CHARSET=utf8 COLLATE=utf8_unicode_ci;

INSERT INTO `media` VALUES ('1','1','1','Consequatur laudantium et quasi. Error sunt harum suscipit itaque veniam corrupti.','sequi','3489315',NULL,'1989-08-02 08:39:50','1977-11-29 16:20:16'),
('2','2','2','Omnis commodi porro voluptates non. Quod doloribus eligendi in rerum officiis nemo est ducimus. Ex quisquam autem et occaecati explicabo dolor aut. Qui et consequatur aut ex eius dolores.','ducimus','8502153',NULL,'2008-12-23 09:27:38','2012-02-15 04:29:03'),
('3','3','3','Rerum quibusdam quia qui eveniet. Maiores nemo reiciendis voluptatum perspiciatis. Facilis perspiciatis quia dolor dolor et commodi mollitia in. Consequatur provident dolore rerum similique eaque.','ut','119',NULL,'2007-01-23 02:10:31','2000-10-22 07:30:52'),
('4','4','4','Voluptatem sit sint adipisci nostrum rerum molestiae. Facere illo aut asperiores dolor ut ex omnis. Autem quos modi suscipit saepe. Aut unde et natus autem quae accusantium. Repudiandae omnis cumque consectetur dolores ut aspernatur esse.','ad','68',NULL,'1979-08-30 06:41:35','1998-05-30 00:52:02'),
('5','5','5','Ut recusandae ut sint laudantium nisi. Qui qui impedit a tempore voluptas explicabo necessitatibus nihil.','est','977902',NULL,'2019-04-19 19:25:44','2019-03-05 01:56:25'),
('6','6','6','Tenetur iste sunt qui dolorem adipisci. Impedit numquam facilis provident quidem. Consequatur sed ab at.','non','47469463',NULL,'1973-01-30 22:00:44','2018-03-15 15:52:12'),
('7','7','7','In delectus illum eligendi soluta. Quia in culpa eos quas ut. Quidem dolor quia vero odio. Sed labore enim aut quas corporis quo cupiditate.','quia','74',NULL,'1998-09-27 15:37:30','2004-03-20 12:38:21'),
('8','8','8','Facilis quibusdam et quia libero. Porro quasi officiis quo harum. Id fugiat doloremque aliquam nihil beatae.','quibusdam','813071449',NULL,'1991-08-28 12:46:31','1993-05-31 11:03:40'),
('9','9','9','Explicabo accusantium deleniti quos distinctio. Qui reiciendis magnam dolor a corrupti sit ipsum modi. Sit error cumque molestias aspernatur reprehenderit facilis. Pariatur quam nihil ut temporibus nihil.','quis','289',NULL,'1975-02-08 11:09:15','2013-08-10 02:50:15'),
('10','10','10','Quia ullam quo sed voluptatum molestiae aut omnis. Velit et voluptates et et. Autem ipsum aliquid quia libero quaerat sint.','nam','888858',NULL,'1995-06-12 19:51:11','1978-01-11 14:02:57'),
('11','11','11','Aut sunt et non amet et modi autem. Odit accusantium id necessitatibus eos asperiores. Est eligendi autem sunt laudantium facilis autem quis.','tenetur','3866',NULL,'2010-08-24 09:21:58','1970-03-28 11:50:06'),
('12','12','12','In aliquam expedita quia sint. Fugit neque culpa sit ipsum recusandae fugit nisi. Est culpa officia officia. Animi accusamus pariatur et et. Distinctio animi tempore exercitationem non in quia eligendi.','accusamus','7489632',NULL,'2009-06-28 08:58:56','2016-12-22 04:49:23'),
('13','13','13','Incidunt beatae neque debitis aliquid. Est dolorem aut deserunt dolores dolor et. Quas aliquid est itaque non. Libero nemo veniam molestiae molestias.','non','6325',NULL,'2006-07-21 19:51:29','1977-05-21 08:29:40'),
('14','14','14','Et eum rem nesciunt aliquid sit eveniet corrupti. Quaerat illum ut eius accusantium ipsum et nisi. Perspiciatis occaecati accusantium earum temporibus. Esse omnis corporis nihil vel.','et','8',NULL,'1980-06-05 10:28:41','1973-03-14 04:18:50'),
('15','15','15','Eius ut et velit consequuntur. Voluptates itaque corrupti pariatur libero ut est sint. Et quos corrupti quis qui est quia error. Omnis quos et et ut.','hic','636211',NULL,'2008-09-13 06:42:45','1978-12-25 13:05:59'),
('16','16','16','Aperiam ipsa et dicta ea. At laborum deleniti aut maiores aspernatur. Rem unde voluptatibus quia et rerum. Eligendi consequuntur aut vel necessitatibus accusantium.','rem','6640',NULL,'1998-12-19 07:46:53','1984-12-01 01:01:09'),
('17','17','17','Quia aut voluptatem excepturi officiis ducimus qui voluptatem. Ad dolores repudiandae porro ratione alias. Maxime deleniti voluptatem cum in maxime itaque voluptates. Culpa dolor doloremque nemo aut debitis. Quibusdam eos qui quo eveniet quis.','vel','4176',NULL,'1998-10-06 03:19:54','1978-06-23 19:05:29'),
('18','18','18','Quae deleniti nulla amet adipisci dolor. Et laborum tenetur aut voluptas voluptatem. Dolores doloremque blanditiis at reprehenderit et sapiente.','vel','0',NULL,'1984-07-17 15:37:13','2000-10-08 21:24:29'),
('19','19','19','Qui sunt sequi expedita et nesciunt illum voluptates. Enim qui non culpa sed minima perspiciatis non. Aut eaque exercitationem accusamus saepe qui. Quo numquam soluta aut molestiae.','sapiente','98',NULL,'2013-04-19 07:11:59','2016-10-24 00:43:25'),
('20','20','20','Ab aut repellendus repellendus esse. Et debitis dolor repudiandae. Assumenda enim pariatur asperiores quaerat aspernatur. Et voluptatibus neque non magnam voluptatem dolor et.','cupiditate','200',NULL,'1987-12-13 15:52:26','1995-06-11 06:55:51'),
('21','21','21','Quas aut libero blanditiis aut sint. Voluptas consequatur perspiciatis maiores quis. Reiciendis eum quia doloremque enim. Ut dolorem dolores quia deserunt enim iusto dolorem et. Saepe qui et autem repudiandae sint.','et','45601',NULL,'2003-02-09 05:13:56','1975-11-19 20:38:45'),
('22','22','22','Quos repellendus alias molestiae id quam sit. Voluptatem nesciunt ea laboriosam fugit dolore et omnis. Blanditiis asperiores id cum illum blanditiis recusandae delectus.','praesentium','200465979',NULL,'2012-02-27 14:30:27','1985-07-28 07:13:16'),
('23','23','23','Optio cupiditate et odio rerum. Est quo iusto ut aspernatur fugit sit illum.','architecto','8778',NULL,'2006-07-19 01:51:54','1979-10-16 02:00:56'),
('24','24','24','Iusto assumenda ea impedit nostrum vitae magnam. Eum repellendus corrupti totam maxime non aspernatur dolores. Illo cumque qui quo similique id nulla.','et','35510',NULL,'1977-02-03 05:58:27','1999-05-21 22:05:24'),
('25','25','25','Officia est rerum aliquid accusamus eum. Repellendus suscipit saepe et repudiandae consequuntur. Id id illo molestiae voluptates impedit.','saepe','8',NULL,'1976-10-07 17:34:38','1991-02-17 22:45:39'),
('26','26','26','Voluptatem est fuga voluptatem veritatis ducimus. Adipisci et non quia.','nemo','974836',NULL,'2012-07-24 21:00:45','2005-04-08 01:57:45'),
('27','27','27','Laudantium ut sint nihil quasi consequatur illo. Voluptas ea dolores cum dolorem. Dolores voluptates expedita mollitia nihil eligendi animi. Deserunt omnis necessitatibus illo ut dicta.','voluptate','1415',NULL,'1985-06-18 05:48:48','1991-11-28 21:34:16'),
('28','28','28','Minus reprehenderit omnis veritatis sint. Eius aut dolorum laborum aliquid illum inventore. Vel non officia pariatur ex.','debitis','198526011',NULL,'2008-09-10 01:07:30','1978-12-14 03:55:12'),
('29','29','29','Modi dolor qui deserunt est vitae harum omnis fuga. Amet nobis dolorem et et enim. Aut ullam provident assumenda et.','culpa','2684738',NULL,'1991-07-30 17:55:48','1992-05-16 06:33:35'),
('30','30','30','Dolorem autem eveniet veritatis. Quae atque vero dolorum magnam excepturi ipsam autem quo. Iusto ipsa nesciunt hic eaque impedit tempore. Quia maiores eligendi voluptate beatae.','doloribus','7301',NULL,'2005-09-11 17:07:34','2012-05-19 22:23:57'),
('31','31','31','Ex nisi eum ab laudantium laboriosam. Aut ut quia nostrum delectus doloribus qui eius qui. Est dolorum quaerat vel dolores sunt labore hic. Ut alias laudantium non molestiae in distinctio et.','voluptatem','3654',NULL,'1994-10-16 12:50:04','1984-06-19 01:53:47'),
('32','32','32','Aut sint magni autem quis provident. Sint quia officiis ipsum aspernatur nihil assumenda. Quia esse est dolores laborum vel est architecto.','odio','75',NULL,'1988-06-07 06:02:11','1994-10-04 06:06:45'),
('33','33','33','Ea veritatis molestiae voluptatem velit ad. Nam odio numquam et amet. Voluptates enim et est voluptate nihil laboriosam qui blanditiis. Repudiandae ab iure dolor molestiae velit aperiam.','est','4',NULL,'1994-06-02 05:58:04','2011-02-01 07:06:54'),
('34','34','34','Aut delectus qui earum. Aut aut molestias dolores dolor necessitatibus quae.','aut','9859154',NULL,'1972-02-10 21:49:33','2008-02-01 05:06:03'),
('35','35','35','Repudiandae minus eum corrupti est eos. Laborum similique reprehenderit aut est. Impedit officiis ut repudiandae repellendus fugit ipsa. Qui ab dolor ipsum.','ullam','15',NULL,'1991-09-29 12:35:46','2000-11-19 18:28:38'),
('36','36','36','Reprehenderit ipsum minima doloribus ipsa voluptatum. Id aut autem ut sit saepe. Aut tenetur ad dolorum.','quasi','0',NULL,'1973-08-07 06:01:20','2017-05-14 01:29:01'),
('37','37','37','Eos incidunt tempora nulla eaque maxime dolores eum. Iure dolor asperiores natus deserunt dolorum est fugit eveniet. Reprehenderit ullam est voluptatum rerum quia dolor delectus. Aut totam voluptas dolorem qui quae.','architecto','10142',NULL,'2013-08-01 19:08:21','1979-06-28 03:57:36'),
('38','38','38','Repellat delectus rem aut maiores quos. Et voluptatem nisi consequatur. Consequatur ut cum non eveniet rem.','quasi','9',NULL,'1998-03-26 05:35:01','1976-06-27 09:48:36'),
('39','39','39','Numquam voluptatem est asperiores similique. Beatae qui at eius nam aut quasi sit. Eligendi voluptatem assumenda mollitia eos. Aut libero repudiandae consequuntur voluptatem nulla recusandae id.','non','0',NULL,'2005-11-04 02:31:11','1978-08-24 14:31:12'),
('40','40','40','Tenetur voluptatem id adipisci qui non recusandae. Sint dolorem quisquam asperiores omnis. Molestiae qui hic maiores nisi reprehenderit. Quia maxime ut rerum perspiciatis.','vitae','0',NULL,'2002-03-14 17:54:52','2015-04-07 21:13:13'),
('41','41','41','Veritatis aut labore odio sint harum sunt. Earum non enim ipsa et enim.','hic','72',NULL,'2005-04-07 00:07:59','1983-04-01 08:56:18'),
('42','42','42','Id qui unde nostrum. Quo temporibus tenetur minus qui aut nisi praesentium. Accusamus autem consequatur mollitia deleniti ipsa rerum veritatis hic. Fugiat et animi accusantium.','sint','77780',NULL,'1973-05-29 19:42:28','2015-09-13 22:58:08'),
('43','43','43','Consequatur nesciunt ratione voluptas labore ratione. Voluptates minus voluptatem voluptatem voluptatibus illo. Ipsam nam eius dolore inventore. Maiores corrupti quo et debitis ratione. Alias quaerat cupiditate blanditiis laboriosam.','itaque','9631573',NULL,'1985-11-23 05:59:03','2003-11-05 18:29:17'),
('44','44','44','Non excepturi accusantium quia provident et architecto. Iure dolorem molestiae aut. Tempore et tempora officia vel. Eaque officia et velit consequatur et amet labore.','dolor','856',NULL,'1981-07-11 08:44:44','1990-08-04 06:26:36'),
('45','45','45','Eligendi nemo odio perferendis ipsam distinctio ut. Adipisci quibusdam sed est veritatis consequatur. Voluptas error nihil voluptatem aut impedit nulla qui. Temporibus voluptatem asperiores placeat itaque sint aliquid.','rerum','86',NULL,'2019-10-11 13:12:06','1986-12-22 08:58:45'),
('46','46','46','Vero perferendis earum minus repellat consequatur molestiae. Eaque similique officiis consequuntur architecto quaerat. Ipsa quia repellat pariatur dolorem.','quo','226448950',NULL,'2002-12-10 23:42:46','2000-08-07 18:59:43'),
('47','47','47','Alias sit quisquam fugit eaque. Quam quidem et at. Hic nulla sed voluptas non repellat. Molestias minus eum aut. Et quo maxime architecto iure et occaecati animi.','vitae','6045265',NULL,'1979-07-19 13:44:47','1997-03-28 00:29:54'),
('48','48','48','Dolorem quia incidunt molestiae consequatur inventore magnam nihil nobis. Quo corporis porro dolor doloribus ea voluptatem non.','suscipit','24974',NULL,'2004-10-07 20:06:42','2003-10-17 13:57:26'),
('49','49','49','Iste quia qui expedita dolor dolorem. Sed laboriosam et soluta consequatur et perferendis sed. In quaerat et aliquid. Et commodi est aliquid ut ea voluptatem sit.','et','57',NULL,'1996-07-20 18:34:15','1985-08-20 10:06:43'),
('50','50','50','Consequuntur sed consequatur rerum quia quam dicta. Dolor molestiae ex distinctio perferendis et. Ex incidunt minima eum harum reiciendis facilis doloremque quia. Rerum quisquam et accusamus dolorem laudantium.','voluptates','540',NULL,'2019-05-26 18:27:04','1975-01-14 10:32:25'),
('51','51','51','Ea voluptatem porro omnis facere ipsa. Quasi temporibus debitis quia qui natus quae qui. In ullam modi laborum veritatis laboriosam eos omnis.','tempora','0',NULL,'1981-10-20 16:43:33','2004-12-20 11:51:19'),
('52','52','52','Minima error provident sit fugit iure sit. Corrupti voluptatem voluptatem consequatur omnis explicabo in. Aperiam accusantium aut molestiae tempore. Laudantium eum quas in autem aliquam qui error.','quam','1',NULL,'1996-06-05 15:56:04','2015-03-01 15:28:34'),
('53','53','53','Sint et impedit dolores beatae eligendi. Consequatur est nihil exercitationem sapiente. Asperiores corporis culpa dolorem sunt saepe minus. Enim harum necessitatibus minima praesentium consequatur.','rerum','139222324',NULL,'2000-01-03 18:24:17','2018-03-08 05:28:32'),
('54','54','54','Aspernatur praesentium ducimus error voluptatem iure dolorum. Vel aut quibusdam fugit quia. Iusto ipsam esse minus ut deleniti quo quasi est. Porro praesentium sed et quasi vel qui.','nam','731',NULL,'1985-11-04 05:46:43','2006-01-15 04:48:44'),
('55','55','55','Quisquam voluptates odit aut id perferendis. Ut aut voluptatem quis rem.','neque','914641',NULL,'1998-06-02 20:17:30','2014-03-04 22:19:44'),
('56','56','56','Numquam aut quae et sequi in illo dolores. Dicta quo quia iusto ea inventore possimus recusandae earum. Commodi asperiores accusamus minima sit.','aperiam','3949821',NULL,'1978-04-01 01:09:13','2000-04-28 18:45:17'),
('57','57','57','Itaque officiis quaerat ut et unde atque doloribus. Nulla rem facere sit rerum similique. Modi eaque est fuga consequatur fugiat. Magnam possimus recusandae optio cum.','et','7',NULL,'2019-09-01 10:59:44','2020-11-02 07:59:21'),
('58','58','58','Commodi ea harum minima blanditiis vero. Assumenda inventore at quaerat et.','aliquam','2',NULL,'2010-07-23 16:14:50','1996-03-04 23:13:12'),
('59','59','59','Necessitatibus ea qui porro aspernatur accusantium similique natus. Labore enim et ad. Ut sunt nesciunt sint doloribus. Sunt rem est rerum et odio quam quia qui. Aut aliquid itaque similique praesentium reiciendis alias temporibus voluptate.','maxime','0',NULL,'2012-08-12 08:19:36','2013-08-01 21:23:54'),
('60','60','60','Et sunt ipsum ut quis eum. Accusamus ea dicta enim ad beatae velit. Veritatis porro aut voluptatum rerum. Doloremque molestias sit perspiciatis modi eos optio nesciunt. Non est ullam provident laborum doloremque eveniet reiciendis.','voluptatum','42385',NULL,'1994-04-11 23:31:18','2011-06-12 11:17:04'),
('61','61','61','Iusto voluptates molestias pariatur totam aliquam. Voluptatem at qui officiis ea rem. Perferendis est distinctio sed officiis.','dolorem','1510041',NULL,'1981-09-03 05:09:22','2010-08-17 23:26:19'),
('62','62','62','Incidunt dicta aut eum quis et ex aut. Aut inventore enim laboriosam repudiandae et est.','et','0',NULL,'1989-12-08 14:45:50','1981-09-06 08:56:51'),
('63','63','63','Ratione doloremque iusto ut dolor ab assumenda. Deleniti fuga dolorum voluptas dignissimos omnis. Ea sapiente voluptatum qui cum minus illo. Reprehenderit qui eum quas temporibus accusantium.','quod','62551',NULL,'1996-09-21 14:09:34','2015-03-20 10:18:26'),
('64','64','64','Rerum est perspiciatis at autem eaque. Perferendis consequatur mollitia explicabo sit numquam eveniet. Est maxime dolore qui ipsa. Omnis tempore sit debitis ut.','eius','48403475',NULL,'1976-11-06 13:49:57','1999-03-21 01:01:24'),
('65','65','65','Laborum quos asperiores aut est velit nihil. Et ea non velit. Sint quas tempore dolor qui aut totam iste.','fugiat','35',NULL,'1997-02-14 13:16:47','2015-05-17 15:37:17'),
('66','66','66','Veritatis quia possimus aut consequatur. Incidunt quae voluptas accusantium consequuntur mollitia sint et. Numquam autem sequi eligendi maxime corporis doloremque. Voluptas explicabo magni sunt quaerat ex error minus.','minus','65',NULL,'1991-10-28 10:27:55','1970-12-06 22:42:40'),
('67','67','67','Nulla mollitia quo enim delectus voluptatem sed aspernatur rerum. Adipisci eveniet enim et et. Quis et doloremque rem autem et at vel.','culpa','31',NULL,'1990-07-21 10:37:08','1992-02-11 13:52:02'),
('68','68','68','Aut aut fugit rem soluta iusto. Quis reiciendis dolor culpa ea maiores blanditiis quasi. Nihil nobis rerum aut et. Consequatur et ipsum neque odit est numquam corporis.','quas','0',NULL,'1990-03-02 00:46:28','1994-10-29 02:28:32'),
('69','69','69','Qui sunt incidunt ullam sed ut suscipit tenetur. Dolor culpa est velit. Quo magnam laudantium quisquam et.','aut','954147598',NULL,'1970-11-23 17:23:25','1988-02-23 15:12:46'),
('70','70','70','Exercitationem earum eos sunt expedita incidunt. Rerum architecto et eveniet autem quia nemo sequi non. Esse nostrum amet autem quibusdam quisquam exercitationem ut. Voluptatem officia odit in atque dicta earum. Labore modi non saepe explicabo.','autem','84339392',NULL,'1981-01-30 21:53:29','1988-01-17 04:45:42'),
('71','71','71','Quia doloribus quia enim quaerat maxime dolorem ut. Quis ducimus et atque natus ex ipsa porro. Ex quia eos molestiae aut dolorem pariatur aliquam. Totam autem et facilis omnis temporibus dolorum voluptatem delectus.','et','182690',NULL,'1999-01-02 14:05:10','1973-12-27 02:44:29'),
('72','72','72','In totam consequatur et sint dolorem iure accusamus. Est sed ex eos est nisi. Beatae consequatur molestiae corrupti quia. Qui vel at itaque consequatur.','et','5566296',NULL,'1994-03-09 04:43:04','1981-09-29 03:59:25'),
('73','73','73','Unde distinctio modi sed quia eaque ex aut ipsum. Itaque cumque numquam dicta corrupti quia explicabo. In voluptas molestias consequatur dolores maiores similique. Inventore ut ullam qui quis rerum et.','necessitatibus','6',NULL,'1995-08-31 11:21:38','2010-03-14 14:29:40'),
('74','74','74','Sunt vero asperiores voluptas voluptatem. Quidem distinctio deserunt commodi tempore consequatur. Et voluptatem in nulla. Aut earum velit eveniet est aut dolore rerum.','exercitationem','464',NULL,'2010-07-10 06:55:33','1975-08-03 22:16:32'),
('75','75','75','Iure sunt voluptatibus deserunt autem enim harum et. Voluptate dolores fugiat quibusdam. Eveniet voluptatem est cumque qui. Rerum suscipit enim asperiores consequatur qui autem.','aliquid','33619',NULL,'1989-04-26 11:03:32','1986-06-04 22:43:07'),
('76','76','76','Autem voluptates ipsam natus in. Accusantium qui vitae autem eos. Optio mollitia dolorum aut et dolore. Possimus voluptates animi ea quia.','suscipit','36107396',NULL,'2003-02-09 13:24:53','2004-08-13 20:48:48'),
('77','77','77','Aut sapiente nisi rerum accusamus asperiores delectus atque. Rerum laboriosam sed ut nobis. Dolorem necessitatibus doloremque et eius cumque labore qui. Eos blanditiis dolorem rerum ratione architecto accusamus.','alias','143413',NULL,'1989-03-04 02:15:54','2000-11-23 06:17:19'),
('78','78','78','Dignissimos officiis corrupti sequi at et facere. Quo et dolor dicta voluptas omnis. Eum reprehenderit saepe nesciunt praesentium. Consequatur voluptatem voluptatem sint error. Deleniti omnis maiores earum quaerat.','non','4880676',NULL,'2007-04-10 14:31:54','1985-01-22 06:08:32'),
('79','79','79','Qui voluptatem amet odit totam. Laboriosam deleniti nam voluptas repudiandae magnam quia. Dolores id tempore dolores ipsa minima corrupti autem.','tenetur','31394',NULL,'2015-06-18 14:06:28','1970-09-01 20:30:33'),
('80','80','80','At voluptas non facilis dolorem. Omnis veritatis tenetur nostrum rerum hic. Natus sequi et fugit commodi autem. Et et sit eos ex sed.','quis','6369',NULL,'1984-03-06 22:45:11','1985-08-16 11:42:37'),
('81','81','81','Et in culpa fugiat rerum. Quis voluptas nisi voluptas dolorum. Exercitationem nostrum possimus neque consectetur in omnis nobis. Perferendis sint aut voluptatem neque dolores corporis.','deleniti','35108587',NULL,'1979-07-12 01:56:25','2008-10-18 05:22:09'),
('82','82','82','Dolores sed voluptas laboriosam saepe cum maiores. Dolorem aperiam totam dolorem occaecati. Sequi perferendis cumque vero et animi sed ab veniam.','vero','0',NULL,'1993-05-03 21:46:22','1971-11-17 23:48:14'),
('83','83','83','Est veniam et eum rerum ut dolores est. Nihil molestiae quasi quam totam sed. Modi ratione animi tempore pariatur. Accusamus sit unde nisi repellendus voluptatem. Assumenda non eum et.','provident','0',NULL,'1998-04-28 07:46:21','1970-01-30 08:34:06'),
('84','84','84','Deserunt voluptas incidunt est sed. Et deserunt quia non. Labore voluptatum ut sit est tempore rerum unde corrupti. Nostrum eum eaque quisquam cum et.','facilis','1617',NULL,'1972-10-23 16:34:24','1972-01-29 05:16:53'),
('85','85','85','Molestiae quidem quia quod tempora repudiandae velit optio. Aut dignissimos sint rerum explicabo sit id. Et voluptatum labore voluptas.','pariatur','74188316',NULL,'2004-12-04 02:32:07','1996-07-29 07:52:38'),
('86','86','86','Nostrum repellat accusamus iure veritatis. Libero laudantium cum est laboriosam laudantium officia dolore. Ullam dolores nemo ut id perferendis recusandae. Neque et nihil qui enim modi magni excepturi qui.','rerum','100016',NULL,'1993-12-15 06:29:12','1970-06-15 20:55:39'),
('87','87','87','Animi eveniet sit dolor sunt est molestiae. Odio ea quis officia officia ut. Doloremque in harum ipsum. Iste quos a ad ipsum reiciendis.','repellat','25002',NULL,'1985-05-05 23:38:34','2003-04-25 20:09:48'),
('88','88','88','Provident deserunt repellat et qui aliquam. Consequatur earum ratione asperiores enim ipsum veniam quia autem. Libero id ullam et ducimus et. Eum iusto facere quod nam non facilis.','officiis','9133678',NULL,'2020-11-07 17:50:19','1978-12-29 00:07:19'),
('89','89','89','Eius accusamus iusto illum sed. Mollitia occaecati ad explicabo est aut doloribus eos. Dolorum id amet sint accusamus perspiciatis quibusdam.','quibusdam','73384004',NULL,'2019-04-12 11:53:01','1981-04-06 05:38:33'),
('90','90','90','Ut rerum perferendis cupiditate soluta. Natus dicta consequatur ut inventore quia voluptates. Veritatis et commodi eaque qui.','aliquam','7036482',NULL,'1993-10-25 06:13:51','1993-04-01 05:39:14'),
('91','91','91','Et tempore eius optio praesentium quo rerum aperiam. Voluptate aut cumque incidunt. Id qui dolor iste accusamus.','dolore','5704',NULL,'1998-11-19 17:03:03','2009-06-08 06:35:28'),
('92','92','92','Eaque nemo quia architecto nihil qui ipsam qui. Ratione architecto beatae et consectetur numquam eos et. Earum dolores est dicta quo non.','rerum','87',NULL,'1998-08-25 22:16:17','2006-03-24 20:28:09'),
('93','93','93','Dicta culpa quo dolor tenetur est corporis illo. Tempore et totam rerum dolor et. Totam quos magni et minima sit iure et.','sed','174',NULL,'1987-09-16 03:54:18','1971-07-17 08:14:36'),
('94','94','94','Modi velit explicabo et in. Facere in sunt aut occaecati labore et. Aliquam sit recusandae voluptatem odio fugit. Voluptate assumenda inventore voluptas voluptatem cumque provident aperiam. Dolorem modi voluptates ut aut fugiat ut.','et','8',NULL,'1990-10-10 14:09:17','2016-06-21 17:55:30'),
('95','95','95','Sint consequatur quibusdam sit eius et. Illum ut ut inventore eveniet incidunt tenetur. Modi quibusdam placeat qui odio similique. Saepe voluptatibus sit tenetur reiciendis eos non nulla quidem.','officiis','976',NULL,'1991-07-18 06:41:26','1984-04-16 15:09:13'),
('96','96','96','Fugiat qui et odit consequuntur. Consequatur tempora quasi suscipit dignissimos voluptas dolorem aliquam. Ex sit debitis distinctio voluptatum voluptate eligendi.','reiciendis','14939',NULL,'1998-09-08 04:12:05','2017-11-27 00:30:23'),
('97','97','97','Aut qui aspernatur voluptatem ipsa sed necessitatibus laborum doloremque. Ut provident repellat illo libero autem molestiae. Quis a rerum ipsa cum in asperiores. Nisi distinctio cumque consequatur nisi. Inventore asperiores voluptas at eaque nihil est.','ea','0',NULL,'1980-08-07 08:29:05','1970-07-21 05:10:20'),
('98','98','98','Minus quaerat consequuntur qui dignissimos atque blanditiis molestiae. Harum blanditiis ea aut dignissimos.','provident','89959',NULL,'1993-08-13 17:56:49','1982-09-19 08:30:36'),
('99','99','99','Quos ab reprehenderit id vitae quidem soluta. Numquam eaque voluptatibus et tempore. Nostrum qui commodi rerum doloribus doloremque odio et eum.','tenetur','624',NULL,'1992-09-19 09:13:14','1996-06-20 19:03:29'),
('100','100','100','Ut ut facilis voluptas sit sed amet saepe. Eum dolor similique ut distinctio voluptate rerum sed. Voluptatibus et iste deleniti voluptatem ut qui. Consequatur aliquam iusto reprehenderit cumque voluptas est nisi debitis.','saepe','61433392',NULL,'2017-01-01 23:30:11','2008-07-26 08:53:38'); 


DROP TABLE IF EXISTS `media_types`;
CREATE TABLE `media_types` (
  `id` bigint(20) unsigned NOT NULL AUTO_INCREMENT,
  `name` varchar(255) COLLATE utf8_unicode_ci DEFAULT NULL,
  `created_at` datetime DEFAULT current_timestamp(),
  `updated_at` datetime DEFAULT NULL ON UPDATE current_timestamp(),
  UNIQUE KEY `id` (`id`)
) ENGINE=InnoDB AUTO_INCREMENT=101 DEFAULT CHARSET=utf8 COLLATE=utf8_unicode_ci;

INSERT INTO `media_types` VALUES ('1','blanditiis','1978-10-27 03:22:51','2000-06-22 12:05:49'),
('2','aliquid','2018-07-01 18:33:48','2009-01-31 08:24:23'),
('3','officiis','2004-04-21 23:10:10','1973-06-05 07:24:19'),
('4','deleniti','1995-11-13 21:23:36','2005-04-08 18:54:48'),
('5','quia','1979-08-30 16:07:01','1972-12-03 09:36:00'),
('6','ullam','2013-08-04 18:39:19','1982-01-01 16:50:52'),
('7','modi','1974-12-03 04:24:43','1998-01-02 01:23:37'),
('8','beatae','1985-12-12 22:06:34','2006-02-04 07:07:32'),
('9','dolor','2005-06-26 01:21:46','2016-03-30 16:02:36'),
('10','consectetur','1999-08-22 12:11:40','1972-03-11 12:48:43'),
('11','laborum','1999-01-08 08:21:57','2014-05-12 20:00:14'),
('12','fugiat','2020-08-23 14:09:45','2007-02-26 22:31:00'),
('13','animi','1979-05-02 16:31:01','1982-08-02 15:26:01'),
('14','ipsum','2018-04-18 13:11:14','2011-12-01 17:22:46'),
('15','qui','1979-03-13 13:30:53','2016-10-13 00:35:51'),
('16','excepturi','2009-01-11 05:11:05','2005-08-06 10:00:15'),
('17','dignissimos','1972-08-01 10:08:54','1981-06-10 21:39:39'),
('18','impedit','1977-06-13 06:47:54','2009-06-02 16:30:13'),
('19','ut','1971-03-06 13:38:04','2004-01-20 17:25:50'),
('20','alias','1977-05-10 19:11:23','2015-11-02 22:35:16'),
('21','sunt','1990-05-15 11:46:40','2005-10-22 03:33:55'),
('22','ea','1994-05-24 04:16:28','1987-08-18 08:23:47'),
('23','velit','1984-02-03 13:47:21','1984-09-24 15:55:09'),
('24','ut','1992-08-24 15:10:17','1990-02-10 03:58:48'),
('25','omnis','2016-08-27 18:31:10','1972-08-06 13:38:58'),
('26','ratione','2012-09-02 10:34:56','1977-10-02 16:06:21'),
('27','eos','2006-06-08 13:23:43','2015-10-03 10:15:22'),
('28','enim','1973-11-24 16:45:10','1984-08-28 08:33:27'),
('29','aut','1986-06-12 23:22:58','1971-08-24 08:27:18'),
('30','dolorem','2000-07-21 15:39:53','1979-12-18 03:32:25'),
('31','delectus','2010-03-10 08:14:24','1997-09-24 15:22:37'),
('32','odio','1998-02-05 10:57:31','1992-06-20 22:45:50'),
('33','ut','1993-05-28 19:51:36','1985-04-29 20:26:06'),
('34','qui','2013-10-25 06:28:43','1986-11-06 07:37:59'),
('35','sed','2016-02-23 11:49:32','2003-08-01 12:21:28'),
('36','amet','2007-07-14 15:57:32','2004-12-16 04:36:13'),
('37','illo','1972-08-15 09:48:03','2000-03-08 01:43:42'),
('38','molestiae','2016-05-28 07:53:31','1972-02-22 17:38:36'),
('39','tenetur','2008-08-12 04:32:53','1984-05-02 01:59:15'),
('40','illo','2001-01-09 07:24:31','2016-12-24 12:58:53'),
('41','provident','2007-10-07 16:56:28','1970-07-02 00:14:46'),
('42','dolorem','2011-09-22 10:44:28','1981-06-11 18:55:43'),
('43','voluptas','2017-04-28 02:57:55','2016-01-19 06:59:44'),
('44','nesciunt','2004-01-17 23:39:12','1979-10-14 04:10:48'),
('45','reiciendis','2007-05-30 08:59:50','2014-01-31 18:14:22'),
('46','perferendis','2011-09-06 06:07:03','2018-01-22 11:17:25'),
('47','vero','1985-11-21 20:24:12','2005-11-16 07:49:26'),
('48','in','1992-09-02 04:12:21','1983-03-19 11:06:51'),
('49','rerum','1995-06-29 05:33:29','1993-12-08 05:51:00'),
('50','veritatis','1994-08-12 02:26:15','2003-04-29 17:55:01'),
('51','omnis','2006-06-13 15:44:17','1996-05-11 15:43:01'),
('52','cum','1984-02-08 01:06:01','2000-11-11 06:50:11'),
('53','magnam','1984-04-20 18:02:59','1997-01-03 09:45:06'),
('54','nam','1981-09-20 22:51:47','1976-02-07 09:37:24'),
('55','officia','2019-10-21 19:45:21','2012-01-06 15:49:19'),
('56','adipisci','1974-12-08 14:00:39','2020-06-30 11:29:46'),
('57','vitae','1999-07-12 15:47:40','2010-08-04 21:11:16'),
('58','ipsam','1976-09-14 00:40:15','2000-03-17 21:22:47'),
('59','sit','1979-10-30 01:59:54','1983-02-16 11:59:51'),
('60','corrupti','2016-10-05 14:12:10','2007-03-09 22:00:45'),
('61','molestiae','1983-09-06 04:59:18','1995-10-11 16:05:28'),
('62','autem','1998-01-28 03:59:46','1979-08-06 08:25:45'),
('63','aut','1985-10-22 13:39:31','2004-03-11 20:54:07'),
('64','optio','1988-04-08 13:53:20','2016-09-23 12:34:19'),
('65','facere','2007-01-15 14:20:24','2019-08-26 18:21:20'),
('66','laboriosam','1998-02-15 16:43:38','1987-06-30 05:45:34'),
('67','earum','2008-07-05 06:51:29','2018-01-13 21:44:26'),
('68','explicabo','1978-01-26 06:11:15','2015-05-30 22:43:56'),
('69','tempore','2015-02-06 10:33:25','1984-07-27 03:35:17'),
('70','ut','2008-08-02 15:45:22','2001-08-28 06:16:30'),
('71','sint','2014-01-11 02:18:34','2011-01-18 23:52:04'),
('72','architecto','2006-12-22 13:11:40','2003-10-11 10:51:53'),
('73','corrupti','1988-12-09 23:05:17','1970-03-09 13:44:11'),
('74','eius','1987-03-07 09:35:00','2000-08-03 04:08:09'),
('75','neque','2016-12-07 16:42:27','2014-10-18 06:52:46'),
('76','et','2004-12-10 04:55:37','2006-12-08 05:36:09'),
('77','unde','1974-10-17 20:08:41','1981-11-15 03:28:59'),
('78','et','1980-10-12 13:04:51','2016-04-02 13:33:23'),
('79','dolore','1990-02-15 13:05:43','2017-12-08 20:56:56'),
('80','et','2007-03-31 07:25:15','1992-08-30 08:17:58'),
('81','consequuntur','2008-04-01 15:46:29','1999-01-20 20:38:32'),
('82','distinctio','2016-09-25 08:12:33','2001-08-18 08:40:24'),
('83','tenetur','1994-04-28 00:59:25','1970-04-19 14:25:34'),
('84','ullam','2016-11-14 17:33:14','2009-09-05 06:24:13'),
('85','ut','1987-02-22 02:43:20','1972-12-05 16:55:51'),
('86','commodi','1994-07-25 01:45:26','2016-01-20 12:47:35'),
('87','error','2003-08-16 09:05:45','1986-04-29 23:58:41'),
('88','praesentium','1976-05-13 09:53:00','2018-04-29 03:26:41'),
('89','sed','2015-01-27 07:22:54','1971-03-21 10:53:58'),
('90','placeat','1995-05-17 07:18:33','1986-04-02 13:06:53'),
('91','consectetur','2015-10-12 03:40:02','1987-01-04 13:58:42'),
('92','voluptas','2011-01-18 08:49:24','1973-10-18 02:01:17'),
('93','dignissimos','1990-07-28 11:56:25','2003-11-15 10:11:37'),
('94','sed','2016-01-06 01:44:39','2013-12-12 17:39:32'),
('95','sapiente','1974-09-16 16:13:03','2007-07-28 05:57:29'),
('96','architecto','2014-08-20 14:30:22','1982-06-04 15:34:49'),
('97','necessitatibus','2018-04-01 02:30:40','2007-01-22 17:34:00'),
('98','quia','1994-07-08 20:00:54','2002-10-23 09:51:14'),
('99','eius','2015-07-11 03:46:01','2019-03-19 21:29:46'),
('100','atque','2006-08-07 18:09:14','1991-07-15 08:22:31'); 


DROP TABLE IF EXISTS `messages`;
CREATE TABLE `messages` (
  `id` bigint(20) unsigned NOT NULL AUTO_INCREMENT,
  `from_user_id` bigint(20) unsigned NOT NULL,
  `to_user_id` bigint(20) unsigned NOT NULL,
  `body` text COLLATE utf8_unicode_ci DEFAULT NULL,
  `created_at` datetime DEFAULT current_timestamp(),
  UNIQUE KEY `id` (`id`),
  KEY `from_user_id` (`from_user_id`),
  KEY `to_user_id` (`to_user_id`),
  CONSTRAINT `messages_ibfk_1` FOREIGN KEY (`from_user_id`) REFERENCES `users` (`id`),
  CONSTRAINT `messages_ibfk_2` FOREIGN KEY (`to_user_id`) REFERENCES `users` (`id`)
) ENGINE=InnoDB AUTO_INCREMENT=101 DEFAULT CHARSET=utf8 COLLATE=utf8_unicode_ci;

INSERT INTO `messages` VALUES ('1','1','1','Temporibus exercitationem tenetur voluptatem aut cum. Excepturi ea sapiente repellendus rerum dolor neque. Maiores in impedit aut sapiente quasi minus.','2013-10-24 04:35:46'),
('2','2','2','Corrupti eaque rerum quo ut. Ipsam dolorum nobis praesentium eum eos asperiores. Cumque maiores non harum ducimus et.','2008-10-29 15:50:43'),
('3','3','3','Cupiditate tempore nesciunt et quas aut qui neque magni. Ducimus officiis beatae quas est voluptatibus. Voluptas qui in ex eius illo.','2004-12-27 12:35:52'),
('4','4','4','Similique voluptas deleniti ipsum. Sint corporis qui rem aut quo aspernatur eius. Quidem repudiandae et iure et illum et. Sunt et sed quidem expedita. Accusamus dicta quae vel iste.','1987-06-01 01:12:18'),
('5','5','5','Itaque in labore quia explicabo ex nobis fuga optio. Et non omnis sunt voluptatibus ullam consectetur. Tempora provident aperiam tenetur. Praesentium error sed et rerum rem incidunt et.','1975-03-20 08:52:29'),
('6','6','6','Qui accusantium voluptas voluptatem earum sint impedit. At sit non ipsa dolor eos dolorem. Perspiciatis aut ut voluptas doloremque accusamus. At optio totam quo facere nisi libero veniam.','1985-01-02 16:37:11'),
('7','7','7','Temporibus nihil excepturi consectetur corporis rerum. Qui ducimus sint sed vitae eum. Enim sit omnis assumenda repellat in quidem in maxime.','1990-07-28 13:51:38'),
('8','8','8','Iure id nostrum eaque fugit praesentium. Ipsum aut dolor adipisci ipsa non sunt deleniti. Laboriosam iste ea doloribus sequi dolor quam consequatur.','1982-04-19 04:55:29'),
('9','9','9','Quas voluptas deserunt vel eum dicta voluptatem aspernatur dolores. Est autem dolores tempora nemo eligendi. Id soluta fuga et nihil quia consequatur qui. Suscipit consequatur consequatur quia sunt.','1983-06-28 13:51:24'),
('10','10','10','Delectus ex tenetur et voluptas at et aliquid et. Eos aut quo soluta est et voluptas mollitia. Iure rem temporibus vel vel est distinctio et. Aut ut vel nemo accusamus adipisci.','1985-02-07 20:52:08'),
('11','11','11','Ut quos ut explicabo aut. Numquam praesentium excepturi quia at eos. Velit at unde illum porro hic quibusdam expedita. A reiciendis autem hic.','2005-12-17 18:22:16'),
('12','12','12','Doloribus aut quos facere quis vel maxime consequatur. Optio dolores quia animi ut enim enim.','1985-08-04 01:24:52'),
('13','13','13','Quia blanditiis iusto dolorem qui nobis. Qui in qui et. Commodi temporibus sed velit nam.','2011-07-19 04:05:08'),
('14','14','14','Asperiores fuga sed ratione est. Et sint rerum placeat consequatur qui quam. Autem ipsum qui repellat vitae illum tenetur nihil ut.','2007-05-19 22:56:58'),
('15','15','15','Id doloribus vel officia mollitia aut ad et. Qui sit iste molestiae reprehenderit et consequatur. Rerum velit dolorem corporis a placeat minus et. Ab beatae et commodi earum est labore expedita.','1982-12-09 00:24:52'),
('16','16','16','Dolores id sapiente quaerat deserunt qui quis. Omnis deserunt velit nostrum quis. Ut rem voluptas reprehenderit modi exercitationem rerum ut asperiores. Magni eos ut harum cumque.','2011-04-09 21:37:44'),
('17','17','17','Minus rem quasi aliquid et qui. Aspernatur praesentium libero tempore vero nihil. Delectus et natus dolorum qui sed.','2001-04-25 12:58:29'),
('18','18','18','Quod qui laboriosam et ullam voluptas tempore voluptas. Consectetur eos esse tempore est. A illum voluptates et voluptate quis quaerat quos corrupti. Omnis fugit quidem ut distinctio.','2001-11-25 03:37:02'),
('19','19','19','Et voluptatem ratione dolores repellendus ut quae totam. Quae distinctio reprehenderit id ea debitis. Vel quis molestias natus incidunt qui quisquam. Maxime quia saepe commodi voluptates.','1985-07-03 20:28:45'),
('20','20','20','Est modi optio et ullam excepturi deleniti soluta. Ducimus eius non excepturi. Occaecati in dolorum quis laudantium harum corrupti iusto perspiciatis.','1973-03-24 18:55:51'),
('21','21','21','Aut dignissimos inventore omnis delectus aliquam. Maiores esse at delectus recusandae hic quo repellat. Natus velit eveniet consequatur consectetur quaerat minima libero. Consectetur consequatur eligendi fugit atque.','1989-03-13 09:46:15'),
('22','22','22','Est recusandae dolorem veniam ullam dolorum. Nesciunt eos architecto aut voluptates qui deleniti consequatur perspiciatis. Facilis voluptatem earum ut et placeat quae veritatis ut.','1996-03-16 06:43:42'),
('23','23','23','Saepe sapiente est facere officia. Veniam sed dolores nulla amet laborum iure aut ullam. Eius ab illo qui qui dignissimos porro. Tempore minus similique aut qui cum.','1978-07-20 04:23:30'),
('24','24','24','Sunt quia quidem quia non. Repudiandae quas fuga sunt quidem.','2005-03-18 13:52:30'),
('25','25','25','Quaerat aspernatur rerum ea ducimus eos aut. Magni delectus id sed odio in.','1972-05-21 23:20:13'),
('26','26','26','Expedita ad delectus dolorum aut est. Et quidem repellat quia nihil et quae aut error. Cumque et illum libero.','1979-03-06 14:49:52'),
('27','27','27','Et impedit velit rem est. Ex eos et libero beatae nihil. Quia saepe laudantium accusantium natus. Sapiente est quisquam consequatur.','1989-01-18 05:23:11'),
('28','28','28','Ullam et architecto vero fuga. Sunt exercitationem voluptate modi. Voluptas et cum quod ut. Dolorem perspiciatis voluptatum cumque consequuntur.','1998-02-25 08:22:18'),
('29','29','29','Vel molestiae temporibus voluptatem voluptas numquam recusandae. Blanditiis inventore est alias cumque atque sit. Quis quasi enim quidem non ut velit qui sunt. Consequuntur beatae eaque qui et accusantium doloribus.','1976-12-02 18:41:39'),
('30','30','30','Atque voluptates accusamus non reprehenderit labore. Et eveniet voluptatem dolores beatae. Qui consequuntur officia architecto dicta magni. Inventore dolor sunt qui et libero.','2001-03-18 21:03:43'),
('31','31','31','Qui quo quibusdam velit. Et quod et libero sed exercitationem voluptatem error. Non magni explicabo porro officiis dolores sed.','1984-07-29 10:31:06'),
('32','32','32','Non molestiae nemo eum deleniti. Et dignissimos commodi et consequatur quidem ut soluta. Qui quisquam architecto modi tempore qui quod facere. Doloribus iste et at facere velit.','1984-09-24 23:00:23'),
('33','33','33','Non aut cumque in provident deserunt. Soluta qui doloribus eaque.','1985-07-07 15:00:37'),
('34','34','34','Consequuntur quis dolores rerum rerum quasi. Saepe sunt illo eveniet. Culpa ducimus repellat temporibus optio exercitationem eos. Quis accusantium repellat distinctio possimus iusto aut.','2000-03-03 04:38:40'),
('35','35','35','In sequi ut odit. Cum nulla dignissimos non totam vero nisi. Voluptatum minima voluptatem sit odit perferendis non.','2009-06-09 02:05:26'),
('36','36','36','Non et consequuntur a tempora reiciendis enim doloremque. Cum consequatur illum officiis in dolor sed consectetur. Odit aliquam dolores a officia.','1990-12-27 10:30:02'),
('37','37','37','Nihil numquam est velit harum. Eius nihil est natus alias earum. Quae aut in eaque.','2005-05-06 10:00:38'),
('38','38','38','Commodi ut dolorem repellat expedita quis. Voluptatum sequi sit veritatis maxime aliquid. Non sapiente rerum quibusdam sint et eum quia. Cumque nihil quia fugiat in fugiat eos asperiores.','1989-10-26 17:59:54'),
('39','39','39','Molestiae magni ut corporis et ratione porro. Vel sunt fugiat quia molestiae. Quibusdam consequatur dolor nostrum qui ratione est. Cumque est et omnis magni aut sit.','2015-04-23 06:44:16'),
('40','40','40','Deserunt voluptate et consequatur voluptatem aperiam reiciendis tempore dicta. Quidem ut alias enim quo unde minima. In asperiores quidem consequatur totam quisquam.','2013-08-25 20:53:42'),
('41','41','41','Adipisci ut et minima ducimus. Voluptas dolor sequi quis est explicabo possimus aut.','1978-12-01 11:40:51'),
('42','42','42','Eum ducimus illo non inventore unde sint. Enim est in sint dolores voluptatum. Impedit ab dolore tenetur. Deserunt voluptas non rerum veniam. Odit corporis molestias sed eos voluptas.','1995-08-12 01:30:42'),
('43','43','43','Facilis et sit ea ullam. Dolorem mollitia est minus natus nobis. Maxime iure ipsa quia culpa ex. Eligendi ea esse ad deleniti similique.','2020-07-10 08:20:51'),
('44','44','44','Ut debitis delectus debitis esse est impedit et. Consequuntur accusamus expedita architecto est eaque qui numquam unde. Quos eius vero quis aspernatur accusamus. Aliquid vitae impedit molestiae. Ullam quo voluptatum inventore et.','1996-02-07 19:28:11'),
('45','45','45','Omnis et rerum quia sit. Fugiat consequuntur eligendi ratione voluptatem mollitia. Voluptas voluptatem officiis quis distinctio molestiae. Voluptatem dolorem magni sed dignissimos placeat.','1990-10-01 05:17:07'),
('46','46','46','Mollitia placeat enim placeat. Voluptas nihil est rem eos illum. Ullam inventore sequi eos eos ea quo et. Architecto id et et autem.','1997-09-20 21:18:32'),
('47','47','47','Laboriosam sit aliquid quia unde. Aliquam quae eaque enim quia. Est ad maxime nihil sint. Beatae accusantium ea ut laborum nemo quia non.','1974-12-31 05:44:04'),
('48','48','48','Commodi accusantium nulla magni necessitatibus aperiam. Rerum voluptatem earum modi voluptate in rem. In voluptatibus dignissimos ipsam sed necessitatibus.','1999-04-20 10:31:42'),
('49','49','49','Aspernatur consectetur voluptatum voluptas eveniet hic consequuntur. Qui voluptatum et quia dolorem.','1998-03-11 09:38:59'),
('50','50','50','Commodi voluptatum et facere est. Sint veniam harum qui delectus. Quod sunt deserunt placeat nemo aliquam vitae ea.','1994-12-05 08:23:19'),
('51','51','51','Ut dolorem itaque tempore sed omnis vero accusantium. Expedita ut sed occaecati illum dolores ut eius. Porro ut commodi ducimus voluptas. Enim dolor eligendi et expedita ut minus.','2004-03-09 12:34:55'),
('52','52','52','Veritatis aut et atque aut est dolorum reiciendis hic. Hic molestias quis ullam. Temporibus minus earum sequi tenetur itaque quos dolore nemo.','1979-08-27 18:16:22'),
('53','53','53','Quos et excepturi ut aut qui et sequi. Aut assumenda rerum natus rem voluptatum alias odit. Voluptatem qui omnis porro aut.','1983-12-26 12:13:23'),
('54','54','54','Aperiam aliquid est cumque dolorem in aliquam similique voluptas. A aliquid autem sed aut quos eos sequi. Voluptatem soluta odio vero est.','2002-04-06 20:46:40'),
('55','55','55','Blanditiis ratione sunt omnis. Blanditiis voluptatem laborum aut amet. Ut voluptates ea iure. Repudiandae deleniti fuga autem itaque.','2010-06-24 18:17:09'),
('56','56','56','Error distinctio ut ut porro quia. Laboriosam ad quis et qui. Iste molestiae et rerum et rerum quia.','2006-07-01 06:44:39'),
('57','57','57','Libero deserunt quas fugiat reprehenderit consequuntur. Quos eligendi sed et quia quia aut qui. Ut laboriosam aut dicta nemo quo. Eum quibusdam laborum et rerum aut quaerat aut illum.','1999-04-24 17:51:43'),
('58','58','58','Dolorum nisi totam nisi ullam sit sit. Iusto aut illo aliquam molestias veniam maxime consectetur. Quod aut officiis asperiores eum cumque magnam deserunt.','1990-11-14 06:40:32'),
('59','59','59','Eaque incidunt soluta illum et rerum. Consectetur cupiditate laboriosam asperiores et et explicabo dolor. Dolores quia facere iste minima.','1970-11-13 23:41:34'),
('60','60','60','Qui similique porro et. Esse harum consequatur doloremque amet nihil. Officia ipsam in maiores laudantium sed. Et repellendus sint illo.','2013-04-26 17:11:08'),
('61','61','61','Id quibusdam aut cum ut autem ipsam officiis. Magni ad explicabo minus provident vitae odio eos. Et ad nihil ad maxime earum. Itaque commodi non eligendi.','1998-10-12 08:41:49'),
('62','62','62','Molestias explicabo quos enim nesciunt fuga dolor dignissimos. Aut temporibus quia et cupiditate. Est ut non atque accusamus tempora blanditiis dolore eaque.','2004-05-02 08:25:28'),
('63','63','63','Reprehenderit distinctio qui et rerum qui voluptas suscipit. Nostrum explicabo et tenetur dolores velit. Dignissimos sunt omnis eos.','1986-06-16 05:55:35'),
('64','64','64','Quos temporibus consectetur molestiae qui enim consequuntur. Enim deserunt dignissimos placeat et explicabo. Quia est est illum qui et placeat fuga.','2002-05-30 01:22:44'),
('65','65','65','Harum magnam porro facilis. Ullam quidem repudiandae ipsum dolorum vel aliquam qui. Non consequatur eum et voluptatibus corrupti.','2009-09-01 23:11:15'),
('66','66','66','Minima exercitationem sed exercitationem quas aperiam cum saepe. Rerum maxime illo pariatur unde. Quia tempora quis et esse.','2010-11-09 07:13:28'),
('67','67','67','Eveniet eius quasi eius aspernatur quia et. Voluptatibus aliquid non perferendis est vitae non error labore. Dolorum doloribus dolor quo quo. Ullam et laboriosam ad quibusdam.','1972-11-15 03:40:45'),
('68','68','68','Ut voluptas consequatur nihil excepturi quisquam sint. Et molestias perferendis et omnis est enim ipsa. Cupiditate occaecati omnis ipsa dolor ullam. Dolor quis sunt aspernatur eligendi earum.','2011-06-03 23:53:36'),
('69','69','69','Aut omnis eaque fugit non exercitationem laborum consequuntur. Dolorem non ea ut esse. Rerum vel cumque cumque molestias aut rerum quas.','1976-07-16 22:46:33'),
('70','70','70','Id voluptas dolorem sed facere. Dolorem eos et dolor et et. Veritatis non voluptatem voluptas quia soluta eaque.','2012-10-17 16:13:29'),
('71','71','71','Nihil sequi perferendis ad dicta dignissimos neque. In accusamus sed qui non consequatur. Sint possimus hic debitis architecto cumque magni temporibus aut. Voluptatem aspernatur sed perspiciatis expedita dolorum odio. Atque temporibus sit voluptate beatae.','1976-05-03 08:53:16'),
('72','72','72','Dolorum saepe vitae officiis deserunt tempore illo. Ducimus quo accusamus eius sit sed. Blanditiis sed tempora temporibus dolorem.','2014-04-21 02:22:42'),
('73','73','73','Suscipit et debitis ad enim. Natus vero deserunt ut dolorum. Dolores ipsa aut ad doloribus. Cum alias minus hic est consequatur quos modi.','1986-11-16 19:57:05'),
('74','74','74','Tenetur accusantium quas delectus repellendus illum. Voluptas soluta iure fugiat ut. Quidem blanditiis aut ut earum omnis eum.','1987-06-16 11:09:16'),
('75','75','75','Beatae minima totam sed. Et enim ut officia ipsa dignissimos nihil. Omnis omnis corporis velit vitae qui magni.','1974-03-08 00:41:34'),
('76','76','76','Ut nulla voluptates ut consequatur distinctio mollitia quasi. Non nisi deserunt nulla ex. Iste deserunt est consectetur.','1970-11-12 04:19:07'),
('77','77','77','Ut facere vitae voluptatem eaque corrupti consequuntur. Atque voluptas explicabo voluptatibus accusamus inventore. Officiis consequatur temporibus et fugiat distinctio tempore modi.','1976-06-30 15:52:44'),
('78','78','78','Ipsam dicta numquam voluptas adipisci fugiat quia laboriosam. Sunt dolores omnis incidunt voluptas. Est eveniet et doloremque porro eum. Architecto aut enim minus cum praesentium asperiores aperiam.','2009-11-23 05:48:57'),
('79','79','79','Qui hic sit ipsum quo quod. Commodi earum ut et culpa maxime excepturi. Fugit architecto quo minus.','1999-09-23 06:10:33'),
('80','80','80','Error aut voluptatem dolores autem. Commodi ab tempora deleniti aut et quod. Itaque aut in et quae. Rerum rerum et maiores ex blanditiis quo.','2018-03-13 16:32:19'),
('81','81','81','Autem iste veritatis officia consectetur consequatur voluptates labore. Tenetur sed ipsum aspernatur repellat officia quo. Voluptas sit aliquid facere omnis.','2014-02-27 08:49:13'),
('82','82','82','Est eveniet magnam id et et id iste. Expedita nemo mollitia ea optio dolor ea. Iste perspiciatis et deleniti numquam fugit est. Nisi sed in nihil.','1995-02-22 02:13:57'),
('83','83','83','Possimus laborum sit blanditiis deserunt ut. Dignissimos quia dolores non. Aut esse molestiae aut.','1977-06-14 20:03:10'),
('84','84','84','Minima maiores ut sit eligendi quae sit. Officia facilis est nihil eum inventore. Corporis et esse cumque voluptatem dignissimos. Quisquam itaque natus laborum quo in debitis sed assumenda.','1994-03-05 05:28:55'),
('85','85','85','Sequi autem vitae error odit nemo quis et vel. Delectus et autem dolor molestiae. Ipsa eum aut ea neque ipsa similique magni. Qui doloribus laborum eligendi nostrum velit occaecati hic.','1989-07-21 02:12:19'),
('86','86','86','Unde suscipit dolores sunt et id eos ut. Tempore aut impedit iure dolore. Perferendis debitis et earum enim velit tempora nam.','1986-01-17 05:53:39'),
('87','87','87','Ut animi quia harum voluptatem maiores qui sint. Officiis corrupti sed sint quidem sunt. Nostrum tempore iure autem et aliquam.','1992-03-26 17:28:42'),
('88','88','88','Et et autem voluptas ut quod. Nobis quam aut quia deleniti quaerat vitae est.','2008-11-03 02:13:39'),
('89','89','89','Eveniet et harum ea. Nisi reiciendis mollitia laboriosam sit rerum assumenda. Dolorum natus omnis non quisquam. Dolorum omnis consectetur consectetur ut.','2003-03-21 17:40:52'),
('90','90','90','Perspiciatis qui dolor debitis explicabo. Distinctio nemo dolor excepturi hic ad totam. Aliquam repudiandae rerum qui veniam consectetur non enim. Debitis qui officiis aut eaque ea quasi distinctio. Et officiis et tempore non voluptatem corporis repellat.','1971-10-25 16:26:15'),
('91','91','91','Nisi quae voluptatem autem qui commodi. Harum ipsum voluptas suscipit cum omnis. Repellat voluptatem nobis deserunt veritatis et. Quis ullam rerum omnis ab ipsum quo consequuntur.','1999-03-27 10:28:27'),
('92','92','92','Nihil qui provident et reiciendis facilis. Et quis inventore delectus ducimus commodi explicabo placeat sapiente. Consequatur aut sequi debitis deleniti voluptatem ullam aliquid. Illo voluptatem distinctio illum et.','1976-07-28 23:54:05'),
('93','93','93','Omnis voluptatum explicabo rerum quis blanditiis laboriosam et. Perferendis voluptatem autem officia illo assumenda debitis sed. Et voluptates voluptatem explicabo quis error ea ratione. Molestias saepe et corrupti impedit.','1972-02-26 15:13:55'),
('94','94','94','Tempore suscipit suscipit ut tenetur quas iste rerum. Fugit qui ad et officiis laborum consequatur quos. Commodi numquam aliquid non voluptas nihil. Aut reiciendis minima occaecati dolor.','1999-04-13 21:50:30'),
('95','95','95','Consequatur et et ullam alias sint possimus architecto. Ullam quaerat voluptatem rerum consectetur eius eaque. Quia vel amet blanditiis. Aut eaque error sed cupiditate voluptatem quas temporibus nobis.','1981-07-31 20:25:01'),
('96','96','96','Sit est ea quisquam voluptatem nesciunt. Ex distinctio tenetur et itaque quod. Minima consequatur consequatur sequi occaecati cupiditate totam quam.','1973-03-09 12:17:19'),
('97','97','97','Qui vel et aut vel rerum alias dignissimos. Sint repellat beatae autem molestiae nihil qui et. Et magni officia consequuntur odio eum cum eos architecto. Modi fugiat nihil atque ea qui.','2015-04-06 23:07:56'),
('98','98','98','Suscipit omnis assumenda cum excepturi aut qui nam. Sunt ut dolore vel vero repellat. Enim et repudiandae eveniet.','2018-05-12 02:03:11'),
('99','99','99','Quo sed quo est voluptas. Qui perferendis amet aspernatur voluptas. Temporibus quia eos aut quidem non nostrum fugiat.','2017-10-21 20:54:30'),
('100','100','100','Fugit magni non est. Nesciunt vero autem enim eos qui enim soluta. Quo beatae consectetur aspernatur enim laborum nemo repellendus cupiditate. Vitae veniam nesciunt qui nam dolor. Aut dolor enim quia maxime necessitatibus.','2002-03-18 00:02:52'); 


DROP TABLE IF EXISTS `photo_albums`;
CREATE TABLE `photo_albums` (
  `id` bigint(20) unsigned NOT NULL AUTO_INCREMENT,
  `name` varchar(255) COLLATE utf8_unicode_ci DEFAULT NULL,
  `user_id` bigint(20) unsigned DEFAULT NULL,
  PRIMARY KEY (`id`),
  UNIQUE KEY `id` (`id`),
  KEY `user_id` (`user_id`),
  CONSTRAINT `photo_albums_ibfk_1` FOREIGN KEY (`user_id`) REFERENCES `users` (`id`)
) ENGINE=InnoDB AUTO_INCREMENT=101 DEFAULT CHARSET=utf8 COLLATE=utf8_unicode_ci;

INSERT INTO `photo_albums` VALUES ('1','modi','1'),
('2','mollitia','2'),
('3','molestias','3'),
('4','ad','4'),
('5','delectus','5'),
('6','atque','6'),
('7','voluptas','7'),
('8','est','8'),
('9','saepe','9'),
('10','architecto','10'),
('11','in','11'),
('12','qui','12'),
('13','dolore','13'),
('14','recusandae','14'),
('15','nobis','15'),
('16','harum','16'),
('17','facilis','17'),
('18','necessitatibus','18'),
('19','voluptatem','19'),
('20','doloremque','20'),
('21','odit','21'),
('22','voluptatum','22'),
('23','id','23'),
('24','sunt','24'),
('25','incidunt','25'),
('26','dolorum','26'),
('27','sunt','27'),
('28','consequatur','28'),
('29','quibusdam','29'),
('30','ut','30'),
('31','dolor','31'),
('32','laboriosam','32'),
('33','aperiam','33'),
('34','et','34'),
('35','et','35'),
('36','quia','36'),
('37','ea','37'),
('38','enim','38'),
('39','sed','39'),
('40','et','40'),
('41','distinctio','41'),
('42','magnam','42'),
('43','ad','43'),
('44','quam','44'),
('45','possimus','45'),
('46','optio','46'),
('47','et','47'),
('48','aut','48'),
('49','inventore','49'),
('50','quos','50'),
('51','est','51'),
('52','ut','52'),
('53','voluptates','53'),
('54','occaecati','54'),
('55','dolorum','55'),
('56','quo','56'),
('57','soluta','57'),
('58','recusandae','58'),
('59','a','59'),
('60','ut','60'),
('61','quos','61'),
('62','perspiciatis','62'),
('63','doloremque','63'),
('64','occaecati','64'),
('65','nulla','65'),
('66','iste','66'),
('67','dolores','67'),
('68','temporibus','68'),
('69','possimus','69'),
('70','autem','70'),
('71','non','71'),
('72','dicta','72'),
('73','quaerat','73'),
('74','quisquam','74'),
('75','maiores','75'),
('76','iure','76'),
('77','dignissimos','77'),
('78','id','78'),
('79','enim','79'),
('80','molestiae','80'),
('81','consectetur','81'),
('82','nesciunt','82'),
('83','consequatur','83'),
('84','rerum','84'),
('85','et','85'),
('86','tempore','86'),
('87','esse','87'),
('88','sed','88'),
('89','totam','89'),
('90','incidunt','90'),
('91','beatae','91'),
('92','minus','92'),
('93','debitis','93'),
('94','in','94'),
('95','sed','95'),
('96','aliquam','96'),
('97','molestias','97'),
('98','ut','98'),
('99','esse','99'),
('100','in','100'); 


DROP TABLE IF EXISTS `photos`;
CREATE TABLE `photos` (
  `id` bigint(20) unsigned NOT NULL AUTO_INCREMENT,
  `album_id` bigint(20) unsigned DEFAULT NULL,
  `media_id` bigint(20) unsigned NOT NULL,
  UNIQUE KEY `id` (`id`),
  KEY `album_id` (`album_id`),
  KEY `media_id` (`media_id`),
  CONSTRAINT `photos_ibfk_1` FOREIGN KEY (`album_id`) REFERENCES `photo_albums` (`id`),
  CONSTRAINT `photos_ibfk_2` FOREIGN KEY (`media_id`) REFERENCES `media` (`id`)
) ENGINE=InnoDB AUTO_INCREMENT=101 DEFAULT CHARSET=utf8 COLLATE=utf8_unicode_ci;

INSERT INTO `photos` VALUES ('1','1','1'),
('2','2','2'),
('3','3','3'),
('4','4','4'),
('5','5','5'),
('6','6','6'),
('7','7','7'),
('8','8','8'),
('9','9','9'),
('10','10','10'),
('11','11','11'),
('12','12','12'),
('13','13','13'),
('14','14','14'),
('15','15','15'),
('16','16','16'),
('17','17','17'),
('18','18','18'),
('19','19','19'),
('20','20','20'),
('21','21','21'),
('22','22','22'),
('23','23','23'),
('24','24','24'),
('25','25','25'),
('26','26','26'),
('27','27','27'),
('28','28','28'),
('29','29','29'),
('30','30','30'),
('31','31','31'),
('32','32','32'),
('33','33','33'),
('34','34','34'),
('35','35','35'),
('36','36','36'),
('37','37','37'),
('38','38','38'),
('39','39','39'),
('40','40','40'),
('41','41','41'),
('42','42','42'),
('43','43','43'),
('44','44','44'),
('45','45','45'),
('46','46','46'),
('47','47','47'),
('48','48','48'),
('49','49','49'),
('50','50','50'),
('51','51','51'),
('52','52','52'),
('53','53','53'),
('54','54','54'),
('55','55','55'),
('56','56','56'),
('57','57','57'),
('58','58','58'),
('59','59','59'),
('60','60','60'),
('61','61','61'),
('62','62','62'),
('63','63','63'),
('64','64','64'),
('65','65','65'),
('66','66','66'),
('67','67','67'),
('68','68','68'),
('69','69','69'),
('70','70','70'),
('71','71','71'),
('72','72','72'),
('73','73','73'),
('74','74','74'),
('75','75','75'),
('76','76','76'),
('77','77','77'),
('78','78','78'),
('79','79','79'),
('80','80','80'),
('81','81','81'),
('82','82','82'),
('83','83','83'),
('84','84','84'),
('85','85','85'),
('86','86','86'),
('87','87','87'),
('88','88','88'),
('89','89','89'),
('90','90','90'),
('91','91','91'),
('92','92','92'),
('93','93','93'),
('94','94','94'),
('95','95','95'),
('96','96','96'),
('97','97','97'),
('98','98','98'),
('99','99','99'),
('100','100','100'); 


DROP TABLE IF EXISTS `profiles`;
CREATE TABLE `profiles` (
  `user_id` bigint(20) unsigned NOT NULL,
  `gender` char(1) COLLATE utf8_unicode_ci DEFAULT NULL,
  `birthday` date DEFAULT NULL,
  `photo_id` bigint(20) unsigned DEFAULT NULL,
  `created_at` datetime DEFAULT current_timestamp(),
  `hometown` varchar(100) COLLATE utf8_unicode_ci DEFAULT NULL,
  UNIQUE KEY `user_id` (`user_id`),
  CONSTRAINT `fk_user_id` FOREIGN KEY (`user_id`) REFERENCES `users` (`id`) ON DELETE NO ACTION ON UPDATE CASCADE
) ENGINE=InnoDB DEFAULT CHARSET=utf8 COLLATE=utf8_unicode_ci;

INSERT INTO `profiles` VALUES ('1',NULL,'1999-01-10','1','2007-04-14 02:52:18',NULL),
('2',NULL,'2000-12-17','2','2019-10-22 16:00:49',NULL),
('3',NULL,'1981-04-25','3','1979-03-12 22:32:00',NULL),
('4',NULL,'2001-04-27','4','1975-04-13 19:26:51',NULL),
('5',NULL,'1994-05-29','5','2019-12-18 11:33:02',NULL),
('6',NULL,'2000-07-17','6','2006-05-31 12:25:38',NULL),
('7',NULL,'1973-10-11','7','1975-09-11 22:49:34',NULL),
('8',NULL,'1983-11-19','8','2020-10-30 10:16:27',NULL),
('9',NULL,'1996-06-24','9','1976-05-18 07:13:00',NULL),
('10',NULL,'1970-07-09','10','1976-11-12 11:26:48',NULL),
('11',NULL,'1984-07-25','11','2005-12-17 13:44:19',NULL),
('12',NULL,'2000-03-09','12','1990-09-17 12:00:48',NULL),
('13',NULL,'2005-08-09','13','2014-09-17 20:11:39',NULL),
('14',NULL,'1977-08-16','14','1980-04-09 06:17:37',NULL),
('15',NULL,'1998-01-09','15','1983-12-13 19:19:25',NULL),
('16',NULL,'1985-02-10','16','1991-03-23 05:09:08',NULL),
('17',NULL,'2006-07-12','17','2004-11-16 10:56:48',NULL),
('18',NULL,'1992-10-12','18','2012-06-09 11:21:37',NULL),
('19',NULL,'1993-01-19','19','1970-06-20 08:23:39',NULL),
('20',NULL,'2000-11-01','20','1989-08-25 19:26:41',NULL),
('21',NULL,'2003-10-03','21','1996-08-08 23:35:59',NULL),
('22',NULL,'2008-12-22','22','1985-09-28 15:47:14',NULL),
('23',NULL,'2005-12-17','23','1977-03-01 10:26:52',NULL),
('24',NULL,'2013-02-21','24','2003-11-28 07:36:06',NULL),
('25',NULL,'2013-10-26','25','1991-03-01 05:51:36',NULL),
('26',NULL,'2007-05-26','26','1983-12-15 10:21:17',NULL),
('27',NULL,'1988-12-11','27','2003-10-09 06:23:02',NULL),
('28',NULL,'1970-02-03','28','1980-03-15 03:10:11',NULL),
('29',NULL,'2001-08-16','29','1986-02-16 01:54:06',NULL),
('30',NULL,'1986-09-29','30','2011-09-03 21:36:21',NULL),
('31',NULL,'2003-10-27','31','1981-12-21 15:57:25',NULL),
('32',NULL,'1977-09-27','32','2002-05-19 12:18:29',NULL),
('33',NULL,'1977-06-22','33','1989-05-14 08:37:25',NULL),
('34',NULL,'2001-01-11','34','1975-03-24 14:32:41',NULL),
('35',NULL,'1977-05-24','35','1998-11-10 20:57:18',NULL),
('36',NULL,'1977-03-04','36','2005-05-02 14:39:32',NULL),
('37',NULL,'1971-06-21','37','2000-06-17 17:57:29',NULL),
('38',NULL,'1993-02-09','38','1996-04-30 16:40:54',NULL),
('39',NULL,'2011-09-19','39','2013-10-29 13:24:38',NULL),
('40',NULL,'1990-11-13','40','1994-01-06 21:28:56',NULL),
('41',NULL,'1986-07-04','41','2017-09-25 12:27:44',NULL),
('42',NULL,'1987-02-02','42','1991-04-14 08:29:31',NULL),
('43',NULL,'2011-12-06','43','1991-06-11 22:31:38',NULL),
('44',NULL,'1979-04-18','44','1993-04-28 10:27:18',NULL),
('45',NULL,'1993-04-24','45','1973-07-16 09:33:38',NULL),
('46',NULL,'1994-03-15','46','1975-06-27 01:58:30',NULL),
('47',NULL,'1972-11-06','47','1999-01-29 05:38:00',NULL),
('48',NULL,'2005-09-08','48','1975-04-18 04:39:49',NULL),
('49',NULL,'1988-06-02','49','1984-04-17 08:46:47',NULL),
('50',NULL,'1995-06-30','50','1997-01-18 11:59:56',NULL),
('51',NULL,'1985-02-10','51','1990-02-16 16:25:46',NULL),
('52',NULL,'2012-06-25','52','2013-02-19 00:19:30',NULL),
('53',NULL,'1984-11-18','53','2011-01-31 13:40:47',NULL),
('54',NULL,'1975-01-27','54','1971-07-20 13:45:17',NULL),
('55',NULL,'1979-01-10','55','2018-04-21 11:05:28',NULL),
('56',NULL,'1978-05-31','56','2004-06-30 02:41:29',NULL),
('57',NULL,'2018-10-16','57','1992-08-14 15:31:05',NULL),
('58',NULL,'2000-05-21','58','1971-11-02 09:30:36',NULL),
('59',NULL,'1996-05-01','59','2011-04-19 08:12:50',NULL),
('60',NULL,'2009-06-12','60','2003-03-02 13:18:55',NULL),
('61',NULL,'2014-02-26','61','1990-01-20 04:48:58',NULL),
('62',NULL,'2010-09-13','62','2016-07-05 06:56:34',NULL),
('63',NULL,'1976-12-18','63','2019-06-11 00:01:49',NULL),
('64',NULL,'2009-11-20','64','1976-01-05 06:58:59',NULL),
('65',NULL,'1991-01-22','65','1988-02-11 21:57:08',NULL),
('66',NULL,'1989-03-24','66','2003-03-18 16:08:11',NULL),
('67',NULL,'2019-04-15','67','2014-04-09 16:14:33',NULL),
('68',NULL,'1988-04-26','68','1987-11-15 07:13:12',NULL),
('69',NULL,'2012-02-26','69','1998-02-20 07:49:21',NULL),
('70',NULL,'2004-05-29','70','2003-10-11 22:30:04',NULL),
('71',NULL,'2017-10-18','71','1986-08-21 04:07:58',NULL),
('72',NULL,'2011-03-26','72','2003-12-28 18:50:41',NULL),
('73',NULL,'1988-10-13','73','2000-08-19 07:28:43',NULL),
('74',NULL,'1988-08-24','74','1982-11-16 18:28:28',NULL),
('75',NULL,'1998-03-05','75','2005-07-26 04:41:57',NULL),
('76',NULL,'2014-04-15','76','2011-02-23 20:38:53',NULL),
('77',NULL,'1987-07-13','77','1996-04-12 02:04:30',NULL),
('78',NULL,'1991-06-30','78','1988-10-10 00:47:27',NULL),
('79',NULL,'1994-10-19','79','1983-07-13 00:37:20',NULL),
('80',NULL,'1977-07-22','80','1983-02-21 03:22:31',NULL),
('81',NULL,'2010-04-09','81','1971-01-24 05:11:56',NULL),
('82',NULL,'2006-05-12','82','1971-02-17 05:04:07',NULL),
('83',NULL,'1987-05-05','83','2003-01-26 15:23:37',NULL),
('84',NULL,'1975-10-02','84','2008-09-16 15:08:15',NULL),
('85',NULL,'1998-08-27','85','1980-03-12 09:21:48',NULL),
('86',NULL,'1995-06-03','86','1989-07-09 19:04:43',NULL),
('87',NULL,'2006-09-20','87','2004-08-19 09:53:30',NULL),
('88',NULL,'2010-10-23','88','1978-08-25 17:01:05',NULL),
('89',NULL,'2015-09-02','89','1981-12-04 21:28:32',NULL),
('90',NULL,'2012-07-10','90','2008-10-02 22:21:14',NULL),
('91',NULL,'1972-12-20','91','1991-01-21 03:02:57',NULL),
('92',NULL,'1970-09-02','92','1995-03-18 03:24:53',NULL),
('93',NULL,'1983-03-18','93','2015-02-06 06:59:07',NULL),
('94',NULL,'1994-08-23','94','2001-09-16 16:44:52',NULL),
('95',NULL,'1991-01-27','95','1997-10-03 02:31:43',NULL),
('96',NULL,'1980-09-21','96','1976-05-16 07:46:58',NULL),
('97',NULL,'1986-11-05','97','1984-09-26 06:02:04',NULL),
('98',NULL,'2015-08-05','98','1996-04-15 19:42:53',NULL),
('99',NULL,'1975-05-10','99','2016-01-01 12:33:49',NULL),
('100',NULL,'1971-06-09','100','2018-11-17 08:41:23',NULL); 


DROP TABLE IF EXISTS `users`;
CREATE TABLE `users` (
  `id` bigint(20) unsigned NOT NULL AUTO_INCREMENT,
  `firstname` varchar(50) COLLATE utf8_unicode_ci DEFAULT NULL,
  `lastname` varchar(50) COLLATE utf8_unicode_ci DEFAULT NULL COMMENT 'Фамиль',
  `email` varchar(120) COLLATE utf8_unicode_ci DEFAULT NULL,
  `password_hash` varchar(100) COLLATE utf8_unicode_ci DEFAULT NULL,
  `phone` bigint(20) unsigned DEFAULT NULL,
  PRIMARY KEY (`id`),
  UNIQUE KEY `email` (`email`),
  UNIQUE KEY `phone` (`phone`),
  KEY `users_firstname_lastname_idx` (`firstname`,`lastname`)
) ENGINE=InnoDB AUTO_INCREMENT=101 DEFAULT CHARSET=utf8 COLLATE=utf8_unicode_ci COMMENT='юзеры';

INSERT INTO `users` VALUES ('1','Leopold','Fay','sipes.damon@example.net','9cf1adafa779705367ce6644390e7ac8e09215f4','89682643485'),
('2','Eleonore','Brekke','gina70@example.org','06d2c279f934f0ea519caa38cbbcb20243027221','89825049474'),
('3','Harmon','Emmerich','purdy.river@example.com','b42e22dbf1a83f9a341c0d6a6203783704bd235c','89040728614'),
('4','Brenna','Johnson','ulangosh@example.com','5fbcfe25088eb3045fc69d442be46ea63b0e2168','89721896774'),
('5','Retta','Rice','lukas.langosh@example.com','fa8b89789295f5b13f17bce99a1ffe573745f8e7','89651097299'),
('6','Flo','Kuhic','elizabeth.russel@example.net','0a5fb28ebdd90795e7fa4a73f924ecf67b439618','89962058247'),
('7','Juston','Reichel','koelpin.derek@example.org','c6d968626e50d30dafd481ec303fefafacf3b84c','89343151474'),
('8','Toy','Padberg','golden.bernhard@example.net','062686a89a775503ec3e6f8d80a045b7f5e2a595','89896835439'),
('9','Dena','Langosh','armstrong.reanna@example.net','2f2995f28d946e84ac8c619c20faf575c5267633','89481811747'),
('10','Isaac','Reilly','adaline45@example.net','f1a065825272214a34292e7e3bdaad0b6fc441c4','89014517321'),
('11','Makenna','Gulgowski','swift.dewitt@example.org','c65212dbc1e2256010e59d5934ef9441eca20784','89058989631'),
('12','Nia','Fisher','russ49@example.org','34465fc6220a4172d9d8b44441da5cb2557823e1','89608214587'),
('13','Martina','Pfannerstill','carmelo10@example.com','d54f17564f2b9e9905039fa32fb05cbdf71c45d1','89656403698'),
('14','Alexane','Dicki','emerald84@example.net','14f227f1d0d6e4591eb65488fe83f362b27f8d7b','89875057931'),
('15','Thea','Ankunding','cleuschke@example.net','054c6490dfcff84da4b0c01317c36c497d76636f','89952708168'),
('16','Carley','Connelly','mallory.berge@example.net','cd618520e0059ff044217f6e28e8757321ac525e','89042038719'),
('17','Rolando','Zemlak','laney.kautzer@example.com','cdf451321f18a398200c22546c93f3ed429f6783','89719584382'),
('18','Alison','Renner','hosea09@example.net','bb49375d902ed230add00ded96303beb65312a7f','89713055996'),
('19','Darius','Kihn','grosenbaum@example.org','689e1a1809206afdd7f8572d4d57ec8113e975ae','89380246465'),
('20','Boris','Corkery','michel23@example.org','eca1fd0c75e65cc6557352e09263c8c3afe8d387','89879268866'),
('21','Vickie','Shanahan','ygutmann@example.org','b39b975dff29c5bd139173a644e1964b79423846','89411399525'),
('22','Rodrick','Considine','christiansen.alessandro@example.com','3c1b21d75437fccae2f015e238a9366c5901eccc','89606980919'),
('23','Lue','Quigley','tjacobson@example.org','e3422f71069621095effc9c824a7409226fd006b','89550993239'),
('24','Eldridge','Shanahan','iebert@example.net','4e50f46643d70174f42432e2196c44e32704a382','89944201134'),
('25','Dalton','Schmidt','schroeder.lurline@example.net','7a841002f4d90e772b5f1774d099a88eec700862','89779376216'),
('26','Ava','Herman','bailee31@example.org','94d8476487700144343d0575821bd98976d8762e','89914632521'),
('27','Albin','Bednar','novella15@example.org','bd4b44657de74f66bda56717e9b026a4d0216b3f','89858197796'),
('28','Peter','Zulauf','karina41@example.com','afec2a38ddb58395f79ef16bd089ef2e0df5c221','89898825129'),
('29','Felipa','Padberg','davis.magnus@example.com','f0da5263443c829db78820d3a5646ef93a4e480f','89138121860'),
('30','Manuela','Moen','hilll.colby@example.net','2d5168907b131c930d4341f1e501c5ace326e519','89673733846'),
('31','Imani','Sporer','savanna.grimes@example.org','e1ff49660e3bb096b2b68263957cb6655681315a','89816223662'),
('32','Lottie','Ondricka','predovic.hilario@example.com','5db4890abf265c1239eaab72f6b0e32decd1c140','89132930457'),
('33','Ulices','Anderson','jordane99@example.net','3d9de86fdaa62e4396c13d96c611f3c4d7595194','89639534148'),
('34','Nathanial','Graham','ssmith@example.com','80f058cc1c6b60bae83f39d8dc8d4747bdbb0d76','89925878892'),
('35','Stephen','Orn','tgutmann@example.net','f003f4b50a1221a8a3b91acc8ff917631e4fe391','89227473891'),
('36','Rylan','Reinger','akohler@example.net','464c5cbffd3608e8b13117fb7a307eaca6d2ba02','89088015060'),
('37','Enid','Keeling','sdoyle@example.net','8ae9096508c3d026f48f1cf43208ccd905779b97','89638807511'),
('38','Zelda','Harber','ervin38@example.net','8fe699a832ac25fb469755e6433f900ae89891d1','89882673023'),
('39','Annetta','Rice','nader.mireya@example.net','cad9810190e8ac320586453c35120477ea3114d4','89677664937'),
('40','Myrtie','Effertz','langosh.bridie@example.org','5aa2c35a0a656da301bba787d956966d3f22293f','89641241103'),
('41','Baylee','Heller','hschuster@example.org','32d40ec741472f2bb725f852db1be1f4f154c44d','89532397498'),
('42','River','Jerde','tremblay.lucio@example.com','771ee5e016c1db1ddbe37848ce5e306fba7e30a9','89739318434'),
('43','Anastacio','Greenfelder','klein.dion@example.org','93dbe3b92dde34f7794f7922b90137541cdcbbb6','89107736055'),
('44','Cassidy','Keeling','imonahan@example.net','29d9d8875e4530ea1b896a99542a73c360d36e6c','89605104919'),
('45','Conrad','Lueilwitz','aniya45@example.net','6bee2498ca50ddcd7d146541d8680ff9765cda0f','89147294828'),
('46','Frank','Skiles','yundt.junior@example.net','0cbde75437a8059aa9beea676a7d5db1aaaf9e04','89585409128'),
('47','Garland','VonRueden','kari31@example.org','927442a9f7e83fd6c4ba33502fadb8e40b6a0d78','89701875576'),
('48','Jon','Franecki','zbergstrom@example.com','3f8de0bab6e58d910a30878f718790cdf26c2bda','89944141867'),
('49','Roma','Smith','murphy.effie@example.net','ad51a11726a85bb2f019ac197abb70c482d4f602','89798800744'),
('50','Maud','Weissnat','bernie17@example.org','381ad3689f102aad1088c2fc578207f97c28a447','89081297439'),
('51','Margaret','Renner','heaney.angus@example.net','25327e9fc14e6f46e9e92c9ba17344f9b21cf83d','89672019151'),
('52','Justice','Ratke','jayce.tremblay@example.net','e2f36e51fbdd76ac8b37e139d5adbb0e147ba9e0','89707471471'),
('53','Laurianne','Simonis','jena.von@example.org','d9be1a5c78337816cd98a82c97816bc9a78d7b46','89475710511'),
('54','Sid','Kulas','destiney85@example.org','07247f103b84f664371e26ee4bd2432be52a3e99','89110734069'),
('55','Benny','Satterfield','jacobson.jayda@example.net','2261117ca3189b47e1ff4fad80e9cc24afd45f7c','89566681843'),
('56','Tremayne','Krajcik','jeffry.schoen@example.net','c2a0123848601f7a28b363bf703e3b32c032667c','89653094869'),
('57','Elfrieda','Sawayn','tyreek70@example.org','4dbd48dbf1986b6fb2163a0126ef39f72a21637e','89040329776'),
('58','Noah','Rogahn','rhaley@example.org','a41a8e0026aeab2ab5b1524bc3682c422dcb60fd','89629787039'),
('59','Arlo','Rolfson','ruth09@example.org','ddf79230c5dcd573052c097bf662240b0e109bb9','89514800080'),
('60','Marilou','Zulauf','isteuber@example.com','804e0b12d3eea736f3671af21056d54e18c756f4','89345580630'),
('61','Sydnee','Wyman','spaucek@example.net','544ff54d9156207df008f1e86cb40c61c743ec73','89534593229'),
('62','Benedict','Block','dominique46@example.com','afe5edcec3247e1e1826014d8b43d5638517ed59','89727919293'),
('63','Manuel','Shanahan','lester.weissnat@example.org','812a587f262d002834d9b82f2866f9083e3b19c5','89614658240'),
('64','Rhett','Beahan','sfeil@example.net','c39d0925acbfbe92dd04b66769ecc28ff792a2d1','89684230764'),
('65','Dangelo','Christiansen','bergstrom.tristian@example.net','ed2b3041f461004daaf6d0a639bf3f57c5279ac7','89283151654'),
('66','Pasquale','Gusikowski','jkoepp@example.com','0b81319fafa755d0cc5834fba4f06b08bd0edefe','89446194719'),
('67','Esta','Marquardt','mya.terry@example.net','326b00b8043934c8465a74dfde80f1777771979a','89703980635'),
('68','Bertrand','Wisozk','zion29@example.com','1644654992ad6436e11e99c96b20e21628d77045','89499138359'),
('69','Jett','Murphy','dgraham@example.org','2467c44ac6e3d6695f57424049257be89c79c3b5','89054048160'),
('70','Denis','Miller','deon95@example.org','3e5d59bce9c1faaae3c9abc5f2e7de36c35290bd','89755946005'),
('71','Favian','Rempel','lamont.senger@example.com','b6847e8c0bd2b009d74ca9b84586a537a5b4cd27','89379852266'),
('72','Alf','Walter','rashad56@example.org','85fc071706e2c53cddfec42f551f774c488ce70a','89875421812'),
('73','Helga','Rodriguez','rickie34@example.com','18c2560fe97c10a80426f8217c5337cd263e70e5','89701227955'),
('74','Wilbert','Berge','tveum@example.org','5b1e98fe247cc81aaece6579312177c668e6f9be','89766336649'),
('75','Houston','Hauck','harold57@example.org','5a305c29f6712444b0c49bd343abfd5ee7f983ab','89026365643'),
('76','Lottie','Kemmer','tanya.d\'amore@example.org','85ab2b2d67d6b29860351667a5572800bb3ef39a','89209933869'),
('77','Madie','Schaden','sreinger@example.net','7bd64ef4822d551c1cc779d2434c145335998537','89764073598'),
('78','Kariane','Leffler','trisha.bauch@example.org','3acce6a10325d73a343af50d75e8cf958a2c4959','89161320780'),
('79','Linwood','Smitham','uleannon@example.com','53f06f139515f6db509f39b0c75f19b9548bf178','89011885780'),
('80','Lora','Mills','zoey42@example.com','ad3c674c341cba918ef1677646fab85e8af2f355','89744031590'),
('81','Theresia','Hagenes','enikolaus@example.org','981a90059f7319d89c0026d500a326e74af2defe','89702924908'),
('82','Lauriane','Braun','bartoletti.roslyn@example.com','5c77e8c96df157d5c0c6b6852dc9c1f0b9a3341d','89597819973'),
('83','Polly','Thompson','greg.purdy@example.net','f149468ebb3fc114e41f122fa92819e878cb2587','89793523691'),
('84','Presley','Pfeffer','jacobi.arvid@example.net','fb0dadbc19fed0dcf8bc183c2eb15dd4157583d1','89996683722'),
('85','Shanny','Cassin','linnie37@example.net','52e5c7c45841a8afd7ebdb27b93220859b2e12a8','89628128945'),
('86','Johnny','Hintz','vhartmann@example.com','886c72bdf96078f54bd4510cbf529770ad91082b','89504445214'),
('87','Bulah','Halvorson','crona.alison@example.org','f9046ddf0dc6684fff3d76e6404c9a353c25db04','89871584517'),
('88','Elva','Crist','santina46@example.com','6edf46c86f2446ca5f0249b569bb0f5dab84d715','89801067856'),
('89','Horacio','Ratke','vicky94@example.net','261ad867ecbe9db124509485751353705bcc1555','89528024375'),
('90','Royal','Watsica','sschinner@example.com','ec1703395eb11f8715b492b7a776609f1510be72','89585596090'),
('91','Monica','Mohr','slittel@example.com','ae21e43a8c85e607f15e535fbc1e6159fc88663a','89675878827'),
('92','Adaline','Heller','vincent.haag@example.org','200383e1f3f540d06a7f635cf8b087b06ceba566','89324536993'),
('93','Vincent','Wilderman','zulauf.lelah@example.net','1c646011b9f1753a37843b1d95959807f52de422','89496224433'),
('94','Devan','Stroman','yspinka@example.com','6a918e17d4fdf9600081d84d72f6d8d38c5b1a27','89024494488'),
('95','Aaliyah','Gusikowski','ldickinson@example.org','5a3aba631d1661592df3f39fcd02bb26915d71d2','89406168650'),
('96','Darren','Graham','maida.koepp@example.com','fc2d923444963e4c98e2a27045501a45e27b2bb2','89058528690'),
('97','Birdie','Renner','doyle55@example.com','6f1be9169a1142a5167540efde8a286c76090ca7','89309432975'),
('98','Betty','Moen','gaylord.hilda@example.net','987c3aa23ad3588d8fc89b8b3ef478549bb5f012','89212229862'),
('99','Kellen','Raynor','paula01@example.org','3de9facb611e9a550a786279e9929bbe964cb980','89053265819'),
('100','Antonia','Nikolaus','bpollich@example.net','8f2a8cc0c189fd023ff02e9284a76fe02113ff62','89589695649'); 


DROP TABLE IF EXISTS `users_communities`;
CREATE TABLE `users_communities` (
  `user_id` bigint(20) unsigned NOT NULL,
  `community_id` bigint(20) unsigned NOT NULL,
  PRIMARY KEY (`user_id`,`community_id`),
  KEY `community_id` (`community_id`),
  CONSTRAINT `users_communities_ibfk_1` FOREIGN KEY (`user_id`) REFERENCES `users` (`id`),
  CONSTRAINT `users_communities_ibfk_2` FOREIGN KEY (`community_id`) REFERENCES `communities` (`id`)
) ENGINE=InnoDB DEFAULT CHARSET=utf8 COLLATE=utf8_unicode_ci;

INSERT INTO `users_communities` VALUES ('1','1'),
('2','2'),
('3','3'),
('4','4'),
('5','5'),
('6','6'),
('7','7'),
('8','8'),
('9','9'),
('10','10'),
('11','11'),
('12','12'),
('13','13'),
('14','14'),
('15','15'),
('16','16'),
('17','17'),
('18','18'),
('19','19'),
('20','20'),
('21','21'),
('22','22'),
('23','23'),
('24','24'),
('25','25'),
('26','26'),
('27','27'),
('28','28'),
('29','29'),
('30','30'),
('31','31'),
('32','32'),
('33','33'),
('34','34'),
('35','35'),
('36','36'),
('37','37'),
('38','38'),
('39','39'),
('40','40'),
('41','41'),
('42','42'),
('43','43'),
('44','44'),
('45','45'),
('46','46'),
('47','47'),
('48','48'),
('49','49'),
('50','50'),
('51','51'),
('52','52'),
('53','53'),
('54','54'),
('55','55'),
('56','56'),
('57','57'),
('58','58'),
('59','59'),
('60','60'),
('61','61'),
('62','62'),
('63','63'),
('64','64'),
('65','65'),
('66','66'),
('67','67'),
('68','68'),
('69','69'),
('70','70'),
('71','71'),
('72','72'),
('73','73'),
('74','74'),
('75','75'),
('76','76'),
('77','77'),
('78','78'),
('79','79'),
('80','80'),
('81','81'),
('82','82'),
('83','83'),
('84','84'),
('85','85'),
('86','86'),
('87','87'),
('88','88'),
('89','89'),
('90','90'),
('91','91'),
('92','92'),
('93','93'),
('94','94'),
('95','95'),
('96','96'),
('97','97'),
('98','98'),
('99','99'),
('100','100'); 
